username,user_country,room_view,stay_duration,stay_type,review_post_date,review_title,rating,original_lang,review_text_liked,review_text_disliked,full_review,en_full_review,found_helpful,found_unhelpful,owner_resp_text
Tejas,United Kingdom,Three Bedroom Private Pool Villa,2 nights,Group,07-10-2025 00:00:00,Lovely staff and lovely villas ğŸ¤—,10.0,en-us,Nice location and lovely staff,Best vibe,title: Lovely staff and lovely villas ğŸ¤—. liked: Nice location and lovely staff. disliked: Best vibe.,title: Lovely staff and lovely villas ğŸ¤—. liked: Nice location and lovely staff. disliked: Best vibe.,0,0,
Rajanand,India,Deluxe One Bedroom Private Pool Villa,2 nights,Family,11-26-2025 00:00:00,Pleasant,6.0,en,property increase for transportation facuilty.....,,title: Pleasant. liked: property increase for transportation facuilty.....,title: Pleasant. liked: property increase for transportation facuilty.....,0,0,
John,Australia,Three Bedroom Private Pool Villa,3 nights,Family,10-17-2025 00:00:00,Would definetly stay again .,8.0,en,The pool was great with the kids although VERY cold . It was nice to have a restaurant on the premises .,Facilities such as iron & ironing board were very old and unsafe .,title: Would definetly stay again . liked: The pool was great with the kids although VERY cold . It was nice to have a restaurant on the premises . disliked: Facilities such as iron & ironing board were very old and unsafe .,title: Would definetly stay again . liked: The pool was great with the kids although VERY cold . It was nice to have a restaurant on the premises . disliked: Facilities such as iron & ironing board were very old and unsafe .,0,0,
Maleribe,South Africa,One Bedroom Private Pool Villa,4 nights,Family,11-05-2024 00:00:00,Very good,8.0,en,"The villa was great, very quiet and peaceful. But very far from Ubud center. Gojek and Grab doesn't work around here and the villa changes 5times the price of Grab.","There was no electricity on my first night, I couldn't bath. And the stuff didn't even bother letting me know upon arrival. T hey didn't make mean to provide hot waterğŸ˜©ğŸ˜©","title: Very good. liked: The villa was great, very quiet and peaceful. But very far from Ubud center. Gojek and Grab doesn't work around here and the villa changes 5times the price of Grab. disliked: There was no electricity on my first night, I couldn't bath. And the stuff didn't even bother letting me know upon arrival. T hey didn't make mean to provide hot waterğŸ˜©ğŸ˜©.","title: Very good. liked: The villa was great, very quiet and peaceful. But very far from Ubud center. Gojek and Grab doesn't work around here and the villa changes 5times the price of Grab. disliked: There was no electricity on my first night, I couldn't bath. And the stuff didn't even bother letting me know upon arrival. T hey didn't make mean to provide hot waterğŸ˜©ğŸ˜©.",0,0,
Stella,Australia,Two Bedroom Private Pool Villa,5 nights,Group,07-29-2024 00:00:00,Okay,6.0,en,It is pretty but not worth the money. Probably good for a family but I donâ€™t recommend it if you are young.,It is so far away from everything and the food at the restaurant is not good. Be prepared to wait ages for a grab or gojek as they donâ€™t really come around this area or pay for an expensive taxi from the hotel.,title: Okay. liked: It is pretty but not worth the money. Probably good for a family but I donâ€™t recommend it if you are young. disliked: It is so far away from everything and the food at the restaurant is not good. Be prepared to wait ages for a grab or gojek as they donâ€™t really come around this area or pay for an expensive taxi from the hotel.,title: Okay. liked: It is pretty but not worth the money. Probably good for a family but I donâ€™t recommend it if you are young. disliked: It is so far away from everything and the food at the restaurant is not good. Be prepared to wait ages for a grab or gojek as they donâ€™t really come around this area or pay for an expensive taxi from the hotel.,1,0,
Ambar,Australia,Three Bedroom Private Pool Villa,4 nights,Group,06-27-2024 00:00:00,Good but wouldnâ€™t stay again,6.0,en,Food was very average and expensive. Staff were very intense at watching you but very slow table service. No comfortable seating in the villas. Hard to get taxi or gojek. Yoga had to be paid for which is silly seeing as how much you spend on accomodation. No hot water for two days. Wifi very bad.,,title: Good but wouldnâ€™t stay again. liked: Food was very average and expensive. Staff were very intense at watching you but very slow table service. No comfortable seating in the villas. Hard to get taxi or gojek. Yoga had to be paid for which is silly seeing as how much you spend on accomodation. No hot water for two days. Wifi very bad.,title: Good but wouldnâ€™t stay again. liked: Food was very average and expensive. Staff were very intense at watching you but very slow table service. No comfortable seating in the villas. Hard to get taxi or gojek. Yoga had to be paid for which is silly seeing as how much you spend on accomodation. No hot water for two days. Wifi very bad.,0,0,
Andrew,Australia,One Bedroom Private Pool Villa,4 nights,Couple,06-23-2024 00:00:00,Duan Lebar is excellent value for money.,8.0,en,"The villa rooms are amazing, with an open living area, private pool, and spacious bathroom. Breakfast is not extensive, but fine. The location suited our needs perfectly, but if you want to be near the action, this is not the place for you.","There was a smell in the bathroom. The young wait staff in the restaurant are friendly, but their English is very basic. They tend to congregate at the drink counter instead of seeing if the customers need anything. There was no ability to exchange or obtain local currency.","title: Duan Lebar is excellent value for money. liked: The villa rooms are amazing, with an open living area, private pool, and spacious bathroom. Breakfast is not extensive, but fine. The location suited our needs perfectly, but if you want to be near the action, this is not the place for you. disliked: There was a smell in the bathroom. The young wait staff in the restaurant are friendly, but their English is very basic. They tend to congregate at the drink counter instead of seeing if the customers need anything. There was no ability to exchange or obtain local currency.","title: Duan Lebar is excellent value for money. liked: The villa rooms are amazing, with an open living area, private pool, and spacious bathroom. Breakfast is not extensive, but fine. The location suited our needs perfectly, but if you want to be near the action, this is not the place for you. disliked: There was a smell in the bathroom. The young wait staff in the restaurant are friendly, but their English is very basic. They tend to congregate at the drink counter instead of seeing if the customers need anything. There was no ability to exchange or obtain local currency.",1,0,
Zairianti,Indonesia,Deluxe One Bedroom Private Pool Villa,1 night,Couple,05-01-2024 00:00:00,the right choice for honeymoon or relaxing,8.0,en,"I like almost all the things/facilities provided in this villa. Polite receptionist, fairly large and clean rooms, swimming pool, atmosphere, food, wifi, etc",It's a bit far to find places to eat/restaurants outside the location,"title: the right choice for honeymoon or relaxing. liked: I like almost all the things/facilities provided in this villa. Polite receptionist, fairly large and clean rooms, swimming pool, atmosphere, food, wifi, etc. disliked: It's a bit far to find places to eat/restaurants outside the location.","title: the right choice for honeymoon or relaxing. liked: I like almost all the things/facilities provided in this villa. Polite receptionist, fairly large and clean rooms, swimming pool, atmosphere, food, wifi, etc. disliked: It's a bit far to find places to eat/restaurants outside the location.",0,0,
Abdulrauof,Saudi Arabia,One Bedroom Private Pool Villa,3 nights,Family,01-15-2024 00:00:00,Nice place for couples and family to escape the rush of the life,8.0,en-us,Peaceful place to clear your mind and soul,The unit was a little bit not clean and the gecko was disturbing,title: Nice place for couples and family to escape the rush of the life. liked: Peaceful place to clear your mind and soul. disliked: The unit was a little bit not clean and the gecko was disturbing.,title: Nice place for couples and family to escape the rush of the life. liked: Peaceful place to clear your mind and soul. disliked: The unit was a little bit not clean and the gecko was disturbing.,1,0,
David,Ireland,One Bedroom Private Pool Villa,2 nights,Couple,01-05-2024 00:00:00,Good,7.0,en,Bed was very comfortable. Shower was excellent. Staff were amazing!!,Ants in our room. Stains on walls. Food was very poor,title: Good. liked: Bed was very comfortable. Shower was excellent. Staff were amazing!! disliked: Ants in our room. Stains on walls. Food was very poor.,title: Good. liked: Bed was very comfortable. Shower was excellent. Staff were amazing!! disliked: Ants in our room. Stains on walls. Food was very poor.,0,0,
Peace,South Africa,Deluxe One Bedroom Private Pool Villa,2 nights,Couple,11-27-2023 00:00:00,For unwinding? Definitely worth it,8.0,en,Tranquil and clean,Location only.,title: For unwinding? Definitely worth it. liked: Tranquil and clean. disliked: Location only.,title: For unwinding? Definitely worth it. liked: Tranquil and clean. disliked: Location only.,1,0,
Jessey,Malaysia,Deluxe One Bedroom Private Pool Villa,7 nights,Couple,10-16-2023 00:00:00,Good,7.0,en-us,Very quiet place and helpful staff.,Very far from town,title: Good. liked: Very quiet place and helpful staff. disliked: Very far from town.,title: Good. liked: Very quiet place and helpful staff. disliked: Very far from town.,0,0,
Chafikcharbaji,Syria,Two Bedroom Private Pool Villa,2 nights,Couple,09-15-2023 00:00:00,Very good,8.0,en,The location was amazing for serenity and some isolation,"Food was average, outside of the rooms needed cleaning. Hotel taxi was extremely expensive","title: Very good. liked: The location was amazing for serenity and some isolation. disliked: Food was average, outside of the rooms needed cleaning. Hotel taxi was extremely expensive.","title: Very good. liked: The location was amazing for serenity and some isolation. disliked: Food was average, outside of the rooms needed cleaning. Hotel taxi was extremely expensive.",0,0,
Sandiery,Canada,Deluxe One Bedroom Private Pool Villa,3 nights,Couple,08-18-2023 00:00:00,Pleasant,6.0,en-us,It was calm and relatively secluded. Good place to choose if you want to be away from the hustle and bustle.,"There were several minor annoyances like the water heater being undersized for the room and running out of hot water before even filing a third of the tub. As for the other things, the staff was very responsive in handling them.","title: Pleasant. liked: It was calm and relatively secluded. Good place to choose if you want to be away from the hustle and bustle. disliked: There were several minor annoyances like the water heater being undersized for the room and running out of hot water before even filing a third of the tub. As for the other things, the staff was very responsive in handling them.","title: Pleasant. liked: It was calm and relatively secluded. Good place to choose if you want to be away from the hustle and bustle. disliked: There were several minor annoyances like the water heater being undersized for the room and running out of hot water before even filing a third of the tub. As for the other things, the staff was very responsive in handling them.",0,0,
Imran,United Arab Emirates,Two Bedroom Private Pool Villa,3 nights,Family,08-12-2023 00:00:00,Great stay would recommend,8.0,en-us,Great location and staff were helpful especially Easter! Very clean and comfortable . Villa was well kept and beautiful. Perfect stay,Pool was cold as no direct sunlight so maybe could do with a heater.,title: Great stay would recommend. liked: Great location and staff were helpful especially Easter! Very clean and comfortable . Villa was well kept and beautiful. Perfect stay. disliked: Pool was cold as no direct sunlight so maybe could do with a heater.,title: Great stay would recommend. liked: Great location and staff were helpful especially Easter! Very clean and comfortable . Villa was well kept and beautiful. Perfect stay. disliked: Pool was cold as no direct sunlight so maybe could do with a heater.,0,0,
Lily,Australia,Deluxe One Bedroom Private Pool Villa,5 nights,Couple,08-12-2023 00:00:00,Relaxed Ubud getaway,8.0,en,Beautiful light interior and surrounding of rice fields.,"Nothing wrong with the hotel, but bali traffic, 4.1km can take 1.5hr.","title: Relaxed Ubud getaway. liked: Beautiful light interior and surrounding of rice fields. disliked: Nothing wrong with the hotel, but bali traffic, 4.1km can take 1.5hr.","title: Relaxed Ubud getaway. liked: Beautiful light interior and surrounding of rice fields. disliked: Nothing wrong with the hotel, but bali traffic, 4.1km can take 1.5hr.",1,0,
Azuan,Malaysia,One Bedroom Private Pool Villa,2 nights,Family,08-08-2023 00:00:00,Good,7.0,en,Design and ambiance,Location,title: Good. liked: Design and ambiance. disliked: Location.,title: Good. liked: Design and ambiance. disliked: Location.,1,0,
Anita,New Zealand,Three Bedroom Private Pool Villa,3 nights,Family,08-05-2023 00:00:00,Very good,8.0,en,"Amazing staff. A+++++ I can't say enough about how lovely they were during our stay. Son was sick, got great advice about the hospital and then staff turned up in our villa with food for him to try and a get well soon card. My birthday and staff arrived with a cake and card signed by all staff for me.",Housekeeping was a little lacking in some areas.,"title: Very good. liked: Amazing staff. A+++++ I can't say enough about how lovely they were during our stay. Son was sick, got great advice about the hospital and then staff turned up in our villa with food for him to try and a get well soon card. My birthday and staff arrived with a cake and card signed by all staff for me. disliked: Housekeeping was a little lacking in some areas.","title: Very good. liked: Amazing staff. A+++++ I can't say enough about how lovely they were during our stay. Son was sick, got great advice about the hospital and then staff turned up in our villa with food for him to try and a get well soon card. My birthday and staff arrived with a cake and card signed by all staff for me. disliked: Housekeeping was a little lacking in some areas.",0,0,
Deep,India,Three Bedroom Private Pool Villa,1 night,Couple,07-21-2023 00:00:00,Average stay,7.0,en,"Property is good and stay was also good, if you are searching for a good atmosphere then you must stay here.",We booked a three bedroom villa but there is only 1 single master bedroom with a double bed and the other 2 bedrooms are with a single bed. So all bedrooms are not the same. They provided kitchen in villa but there is only fridge and electric kettle means no meaning of kitchen.,"title: Average stay. liked: Property is good and stay was also good, if you are searching for a good atmosphere then you must stay here. disliked: We booked a three bedroom villa but there is only 1 single master bedroom with a double bed and the other 2 bedrooms are with a single bed. So all bedrooms are not the same. They provided kitchen in villa but there is only fridge and electric kettle means no meaning of kitchen.","title: Average stay. liked: Property is good and stay was also good, if you are searching for a good atmosphere then you must stay here. disliked: We booked a three bedroom villa but there is only 1 single master bedroom with a double bed and the other 2 bedrooms are with a single bed. So all bedrooms are not the same. They provided kitchen in villa but there is only fridge and electric kettle means no meaning of kitchen.",0,0,
Rayan,United States,Deluxe One Bedroom Private Pool Villa,7 nights,Couple,07-20-2023 00:00:00,It was good. But I would not go stay there again.,7.0,en-us,The staff were very nice. The nature around the place is beautiful.,They do not change bed sheets. They just flip them over. The pool was broken down for three days. Construction noise in the villas will wake you up the morning. Very difficult to get taxi because the location is very remote. And when get a taxi itâ€™s very expensive.,title: It was good. But I would not go stay there again. liked: The staff were very nice. The nature around the place is beautiful. disliked: They do not change bed sheets. They just flip them over. The pool was broken down for three days. Construction noise in the villas will wake you up the morning. Very difficult to get taxi because the location is very remote. And when get a taxi itâ€™s very expensive.,title: It was good. But I would not go stay there again. liked: The staff were very nice. The nature around the place is beautiful. disliked: They do not change bed sheets. They just flip them over. The pool was broken down for three days. Construction noise in the villas will wake you up the morning. Very difficult to get taxi because the location is very remote. And when get a taxi itâ€™s very expensive.,1,0,
Alethea,Singapore,One Bedroom Private Pool Villa,3 nights,Couple,07-18-2023 00:00:00,Quiet and serene villa stay at the outskirt of Ubud,8.0,en,"Everything was perfect. The service was really good, the staff were courteous and friendly.","Food could be better, lots more room for improvement","title: Quiet and serene villa stay at the outskirt of Ubud. liked: Everything was perfect. The service was really good, the staff were courteous and friendly. disliked: Food could be better, lots more room for improvement.","title: Quiet and serene villa stay at the outskirt of Ubud. liked: Everything was perfect. The service was really good, the staff were courteous and friendly. disliked: Food could be better, lots more room for improvement.",1,0,
Livia,Australia,Three Bedroom Private Pool Villa,2 nights,Group,02-26-2023 00:00:00,Superb,9.0,en,"The villa is beautiful, though it is pretty hard to reach.",,"title: Superb. liked: The villa is beautiful, though it is pretty hard to reach.","title: Superb. liked: The villa is beautiful, though it is pretty hard to reach.",0,0,
Alyssa,Canada,Three Bedroom Private Pool Villa,3 nights,Family,02-15-2023 00:00:00,Superb,9.0,en-us,The villa was very clean and the environment was serene and relaxing! The staff were very helpful and ensured that we were comfortable.,,title: Superb. liked: The villa was very clean and the environment was serene and relaxing! The staff were very helpful and ensured that we were comfortable.,title: Superb. liked: The villa was very clean and the environment was serene and relaxing! The staff were very helpful and ensured that we were comfortable.,2,0,
Saravanamoorthy,India,Two Bedroom Private Pool Villa,3 nights,Family,04-15-2025 00:00:00,Excellent villas with private pool and spacious. Great service.,10.0,en,Excellent villas with private pool and spacious. Great service.,,title: Excellent villas with private pool and spacious. Great service. liked: Excellent villas with private pool and spacious. Great service.,title: Excellent villas with private pool and spacious. Great service. liked: Excellent villas with private pool and spacious. Great service.,0,0,
Lesele,South Africa,One Bedroom Private Pool Villa,1 night,Couple,08-26-2024 00:00:00,Best villa stay in Ubud.,10.0,en,"The staff's competency, friendliness, and professionalism.",The food selection could be wider for international visitors.,"title: Best villa stay in Ubud. liked: The staff's competency, friendliness, and professionalism. disliked: The food selection could be wider for international visitors.","title: Best villa stay in Ubud. liked: The staff's competency, friendliness, and professionalism. disliked: The food selection could be wider for international visitors.",0,0,
Dianne,Australia,Three Bedroom Private Pool Villa,2 nights,Group,08-14-2024 00:00:00,Great,10.0,en,Staff were very friendly and the romantic dinner organised by Widiya for my parentâ€™s birthday was perfect. Thank you,,title: Great. liked: Staff were very friendly and the romantic dinner organised by Widiya for my parentâ€™s birthday was perfect. Thank you.,title: Great. liked: Staff were very friendly and the romantic dinner organised by Widiya for my parentâ€™s birthday was perfect. Thank you.,0,0,
Pita,Germany,Two Bedroom Private Pool Villa,4 nights,Family,04-17-2024 00:00:00,Exceptional,10.0,en,"Very nice, perfect for family",,"title: Exceptional. liked: Very nice, perfect for family.","title: Exceptional. liked: Very nice, perfect for family.",0,0,
Shazrin,Malaysia,Three Bedroom Private Pool Villa,3 nights,Family,03-13-2024 00:00:00,Exceptional,10.0,en,Quiet and peaceful location,-,title: Exceptional. liked: Quiet and peaceful location. disliked: -,title: Exceptional. liked: Quiet and peaceful location. disliked: -,0,0,
Hafiz,Malaysia,Three Bedroom Private Pool Villa,1 night,Family,02-22-2024 00:00:00,Bad air-conditioning.,2.0,en-us,Nice villa with beautiful scenic area,"Stayed in 108 Pala villa. Expect to have good air-conditioned when you are staying in hot country like Bali. Called front desk many times to fix the aircond, they sent technician twice, still not able to fix the aircond, technician said that the hotel staff will contact us for further action. Waited few hours didnt get any calls from hotel, thus decide to call again the front desk. They said still waiting for the manager answer. No answer till we all check out. And no single apologies from the hotel staff @ manager. Our aircond was put on 18degree with max fan, but the temperature is like 26degree with slow fan until morning.","title: Bad air-conditioning. liked: Nice villa with beautiful scenic area. disliked: Stayed in 108 Pala villa. Expect to have good air-conditioned when you are staying in hot country like Bali. Called front desk many times to fix the aircond, they sent technician twice, still not able to fix the aircond, technician said that the hotel staff will contact us for further action. Waited few hours didnt get any calls from hotel, thus decide to call again the front desk. They said still waiting for the manager answer. No answer till we all check out. And no single apologies from the hotel staff @ manager. Our aircond was put on 18degree with max fan, but the temperature is like 26degree with slow fan until morning.","title: Bad air-conditioning. liked: Nice villa with beautiful scenic area. disliked: Stayed in 108 Pala villa. Expect to have good air-conditioned when you are staying in hot country like Bali. Called front desk many times to fix the aircond, they sent technician twice, still not able to fix the aircond, technician said that the hotel staff will contact us for further action. Waited few hours didnt get any calls from hotel, thus decide to call again the front desk. They said still waiting for the manager answer. No answer till we all check out. And no single apologies from the hotel staff @ manager. Our aircond was put on 18degree with max fan, but the temperature is like 26degree with slow fan until morning.",0,0,
Fiona,Ireland,Two Bedroom Private Pool Villa,1 night,Family,10-31-2023 00:00:00,Exceptional,10.0,en,The villa was beautiful,Limited food and drink,title: Exceptional. liked: The villa was beautiful. disliked: Limited food and drink.,title: Exceptional. liked: The villa was beautiful. disliked: Limited food and drink.,0,0,
Ahmed,Oman,Deluxe One Bedroom Private Pool Villa,1 night,Couple,10-21-2023 00:00:00,Exceptional,10.0,en,I liked everything abt this place its a gate away from the city for few days. Staff were so friendly food was amazing esp the floating breakfast...,Nothing,title: Exceptional. liked: I liked everything abt this place its a gate away from the city for few days. Staff were so friendly food was amazing esp the floating breakfast... disliked: Nothing.,title: Exceptional. liked: I liked everything abt this place its a gate away from the city for few days. Staff were so friendly food was amazing esp the floating breakfast... disliked: Nothing.,0,0,
Bambang,Indonesia,Two Bedroom Private Pool Villa,1 night,Family,10-02-2023 00:00:00,Great place to healing,10.0,en-us,Nice villa n view,,title: Great place to healing. liked: Nice villa n view.,title: Great place to healing. liked: Nice villa n view.,0,0,
Stephanie,Italy,One Bedroom Private Pool Villa,2 nights,Couple,08-02-2023 00:00:00,Passable,5.0,en,Staff were friendly,The villa was not the cleanest,title: Passable. liked: Staff were friendly. disliked: The villa was not the cleanest.,title: Passable. liked: Staff were friendly. disliked: The villa was not the cleanest.,0,0,
Morris,United Kingdom,One Bedroom Private Pool Villa,8 nights,Couple,07-16-2023 00:00:00,Great place to chill great staff hour and half from airport so leave plenty of time to return to air,10.0,en,We called it the bali bingo breakfast every thing was lovely just language barrier sometimes so if you like tea with milk ask for sou sou very friendly staff could not try to help more then they did I would definitely visit again,,title: Great place to chill great staff hour and half from airport so leave plenty of time to return to air. liked: We called it the bali bingo breakfast every thing was lovely just language barrier sometimes so if you like tea with milk ask for sou sou very friendly staff could not try to help more then they did I would definitely visit again.,title: Great place to chill great staff hour and half from airport so leave plenty of time to return to air. liked: We called it the bali bingo breakfast every thing was lovely just language barrier sometimes so if you like tea with milk ask for sou sou very friendly staff could not try to help more then they did I would definitely visit again.,2,0,
Bhavani,Singapore,One Bedroom Private Pool Villa,4 nights,Couple,05-16-2023 00:00:00,Noce and quiet place. Will definitely go again!,10.0,en,Awesome and cool place.. All the staffs were friendly and fast..,Location is a bit deep in. No shops nearby..,title: Noce and quiet place. Will definitely go again! liked: Awesome and cool place.. All the staffs were friendly and fast.. disliked: Location is a bit deep in. No shops nearby..,title: Noce and quiet place. Will definitely go again! liked: Awesome and cool place.. All the staffs were friendly and fast.. disliked: Location is a bit deep in. No shops nearby..,0,0,
Jared,Australia,Two Bedroom Private Pool Villa,3 nights,Family,02-03-2023 00:00:00,Passable,5.0,en,Friendly staff,"The food, not very clean (cushions of chairs, toilets etc.) Alot of ants sometimes in the bed.","title: Passable. liked: Friendly staff. disliked: The food, not very clean (cushions of chairs, toilets etc.) Alot of ants sometimes in the bed.","title: Passable. liked: Friendly staff. disliked: The food, not very clean (cushions of chairs, toilets etc.) Alot of ants sometimes in the bed.",0,0,
Anonymous,United States,,7 nights,Solo traveller,10-17-2023 00:00:00,"ZEN, PEACE, SERENITY, FAMILY, COMMUNITY.. overall everything I needed.",8.0,en-us,"I loved the staff, they were so nice & super attentive. The most friendly & accommodating hotel staff I have come across in my history of traveling. I wish I could have brought them back to America just to feel there good vibes everyday lol. I also loved how spacious the villas are, how secluded and quite the atmosphere was â€” believe it or not, I enjoyed the sounds of the animals every morning. The property is exactly what I need, peace and zen.","There was a ton of ants in my villa, I do understand that itâ€™s located in the jungle & thats almost uncontrollable but I didnâ€™t mind them in my villa however, on my bed & in my room was what I didnâ€™t like. When I notified the staff they provided ant spray & that actually helped a lot. I also didnâ€™t like the location for only one reason, the taxis come to the front desk when you call them & you have to walk all the way down along unpaved â€œroadâ€ to get to the front desk & at night that can be super scary because thereâ€™s no lights. I wish the hotel address was linked to where the villas actually are, this would make pickups/drop offs easier â€” or a safer, smoother road with lights to walk down to the front desk.","title: ZEN, PEACE, SERENITY, FAMILY, COMMUNITY.. overall everything I needed. liked: I loved the staff, they were so nice & super attentive. The most friendly & accommodating hotel staff I have come across in my history of traveling. I wish I could have brought them back to America just to feel there good vibes everyday lol. I also loved how spacious the villas are, how secluded and quite the atmosphere was â€” believe it or not, I enjoyed the sounds of the animals every morning. The property is exactly what I need, peace and zen. disliked: There was a ton of ants in my villa, I do understand that itâ€™s located in the jungle & thats almost uncontrollable but I didnâ€™t mind them in my villa however, on my bed & in my room was what I didnâ€™t like. When I notified the staff they provided ant spray & that actually helped a lot. I also didnâ€™t like the location for only one reason, the taxis come to the front desk when you call them & you have to walk all the way down along unpaved â€œroadâ€ to get to the front desk & at night that can be super scary because thereâ€™s no lights. I wish the hotel address was linked to where the villas actually are, this would make pickups/drop offs easier â€” or a safer, smoother road with lights to walk down to the front desk.","title: ZEN, PEACE, SERENITY, FAMILY, COMMUNITY.. overall everything I needed. liked: I loved the staff, they were so nice & super attentive. The most friendly & accommodating hotel staff I have come across in my history of traveling. I wish I could have brought them back to America just to feel there good vibes everyday lol. I also loved how spacious the villas are, how secluded and quite the atmosphere was â€” believe it or not, I enjoyed the sounds of the animals every morning. The property is exactly what I need, peace and zen. disliked: There was a ton of ants in my villa, I do understand that itâ€™s located in the jungle & thats almost uncontrollable but I didnâ€™t mind them in my villa however, on my bed & in my room was what I didnâ€™t like. When I notified the staff they provided ant spray & that actually helped a lot. I also didnâ€™t like the location for only one reason, the taxis come to the front desk when you call them & you have to walk all the way down along unpaved â€œroadâ€ to get to the front desk & at night that can be super scary because thereâ€™s no lights. I wish the hotel address was linked to where the villas actually are, this would make pickups/drop offs easier â€” or a safer, smoother road with lights to walk down to the front desk.",0,0,
Alexandra,,Deluxe One Bedroom Private Pool Villa,3 nights,Couple,09-24-2024 00:00:00,WunderschÃ¶ne Villa inmitten der Reisfelder,9.0,de,"SchÃ¶ne Lage inmitten der Reisfelder Toller eigener Pool SchÃ¶ne eigene Villa, gute Ausstattung Sehr sauber Bis auf kleine Geckos und FrÃ¶sche keine Insekten, etc. Ruhige AtmosphÃ¤re Gutes FrÃ¼hstÃ¼ck (kein Buffet) FÃ¼r ca. 5 â‚¬ Aufpreis bekommt man ein Floating Breakfast Personal sehr nett und jederzeit erreichbar","Lage ist ca. 20 km auÃŸerhalb von Ubud (ca. 1 Stunde Fahrtzeit mit dem Roller) Wenn man keinen eigenen Roller / Auto hat, ist die Unterkunft sehr schwer zu erreichen Preise im Restaurant recht teuer","title: WunderschÃ¶ne Villa inmitten der Reisfelder. liked: SchÃ¶ne Lage inmitten der Reisfelder Toller eigener Pool SchÃ¶ne eigene Villa, gute Ausstattung Sehr sauber Bis auf kleine Geckos und FrÃ¶sche keine Insekten, etc. Ruhige AtmosphÃ¤re Gutes FrÃ¼hstÃ¼ck (kein Buffet) FÃ¼r ca. 5 â‚¬ Aufpreis bekommt man ein Floating Breakfast Personal sehr nett und jederzeit erreichbar. disliked: Lage ist ca. 20 km auÃŸerhalb von Ubud (ca. 1 Stunde Fahrtzeit mit dem Roller) Wenn man keinen eigenen Roller / Auto hat, ist die Unterkunft sehr schwer zu erreichen Preise im Restaurant recht teuer.",,0,0,
Kiara,Switzerland,One Bedroom Private Pool Villa,1 night,Couple,08-04-2024 00:00:00,Good,7.0,fr,"cest un lieu perdu dans un village, tres apaisant","pour le prix Ã©levÃ© pour le pays, les linges sont pas tous propres, les murs fissurÃ©s le personnel assez froid.","title: Good. liked: cest un lieu perdu dans un village, tres apaisant. disliked: pour le prix Ã©levÃ© pour le pays, les linges sont pas tous propres, les murs fissurÃ©s le personnel assez froid.",,1,0,
Fabienne,Belgium,Three Bedroom Private Pool Villa,6 nights,Family,05-13-2024 00:00:00,Manque d'empathie de la direction et situation fort excentrÃ©e,7.0,fr,AgrÃ©able villa avec 3 chambres. Piscine et jardin corrects. Eau chaude et literie OK. Airco OK.,"A la suite d'une intoxication alimentaire subie par mon mari, nous avons demandÃ© de pouvoir annuler notre rÃ©servation sans frais afin de pouvoir loger prÃ¨s de l'hÃ´pital et de l'aÃ©roport car un rapatriement allait peut-Ãªtre Ãªtre nÃ©cessaire. Mais la direction n'a pas voulu faire de geste pour nous et nous avons dÃ» donc honorer notre rÃ©servation et faire plusieurs aller-retours de plus d'1h30 entre l'hÃ´pital et la villa fort excentrÃ©e de la ville. Dommage ce manque d'empathie .... Sinon, odeurs de moisissures dans les chambres et traces de moisissures dans le frigo, pas de nÃ©cessaire pour manger ou boire si ce n'est 2-3 fourchettes, et quelques assiettes.","title: Manque d'empathie de la direction et situation fort excentrÃ©e. liked: AgrÃ©able villa avec 3 chambres. Piscine et jardin corrects. Eau chaude et literie OK. Airco OK. disliked: A la suite d'une intoxication alimentaire subie par mon mari, nous avons demandÃ© de pouvoir annuler notre rÃ©servation sans frais afin de pouvoir loger prÃ¨s de l'hÃ´pital et de l'aÃ©roport car un rapatriement allait peut-Ãªtre Ãªtre nÃ©cessaire. Mais la direction n'a pas voulu faire de geste pour nous et nous avons dÃ» donc honorer notre rÃ©servation et faire plusieurs aller-retours de plus d'1h30 entre l'hÃ´pital et la villa fort excentrÃ©e de la ville. Dommage ce manque d'empathie .... Sinon, odeurs de moisissures dans les chambres et traces de moisissures dans le frigo, pas de nÃ©cessaire pour manger ou boire si ce n'est 2-3 fourchettes, et quelques assiettes.",,0,0,
Yara,Netherlands,One Bedroom Private Pool Villa,6 nights,Couple,02-15-2024 00:00:00,Geweldige rust,9.0,nl,Alles is super luxe voor een goede reis. Veel kan geregeld worden met de super vriendelijke medewerkers.,Spinnenwebben in de hoek van de badkamer. Geen spinnen aangetroffen.,title: Geweldige rust. liked: Alles is super luxe voor een goede reis. Veel kan geregeld worden met de super vriendelijke medewerkers. disliked: Spinnenwebben in de hoek van de badkamer. Geen spinnen aangetroffen.,,0,0,
Zeynep,Netherlands,Three Bedroom Private Pool Villa,1 night,Group,12-01-2023 00:00:00,"Mooi, goed personeel locatie ver.",6.0,nl,Mooie resort,Ik denk dat wij een beetje pech hadden. Het stormde met regen en onweer. Waardoor er veelste veel vliegende beestjes onstonden. Hierdoor konden we niet fatsoenlijk naar buiten of zitten in de open air woonkamer.,"title: Mooi, goed personeel locatie ver. liked: Mooie resort. disliked: Ik denk dat wij een beetje pech hadden. Het stormde met regen en onweer. Waardoor er veelste veel vliegende beestjes onstonden. Hierdoor konden we niet fatsoenlijk naar buiten of zitten in de open air woonkamer.",,0,0,
Natasa,Switzerland,One Bedroom Private Pool Villa,5 nights,Group,10-13-2023 00:00:00,Good,7.0,de,Die Villas sehen hÃ¼bsch aus. Das Personal war jederzeit sehr hilfsbereit und freundlich. SchÃ¶nes Schlafzimmer und gerÃ¤umiges Bad. Der neuere Teil der Anlage mit dem grossen Pool war au sehr schÃ¶n.,"Der Aussenbereich der Villa, Wohnzimmer und Pool, waren nicht ganz sauber, hier dÃ¼rfte mehr investiert werden. Auch das Bad wirkte, obwohl es jeden Tag geputzt wurde unsauber - viele Kalkablagerungen und Schimmel in der Dusche. Zudem ist die Anlage etwas abgelegen. Wer kein eigenes Auto oder Bike hat ist darauf angewiesen sich vom Hotel Fahrer zu bestellen - Online Taxi Apps funktionieren dort nicht.","title: Good. liked: Die Villas sehen hÃ¼bsch aus. Das Personal war jederzeit sehr hilfsbereit und freundlich. SchÃ¶nes Schlafzimmer und gerÃ¤umiges Bad. Der neuere Teil der Anlage mit dem grossen Pool war au sehr schÃ¶n. disliked: Der Aussenbereich der Villa, Wohnzimmer und Pool, waren nicht ganz sauber, hier dÃ¼rfte mehr investiert werden. Auch das Bad wirkte, obwohl es jeden Tag geputzt wurde unsauber - viele Kalkablagerungen und Schimmel in der Dusche. Zudem ist die Anlage etwas abgelegen. Wer kein eigenes Auto oder Bike hat ist darauf angewiesen sich vom Hotel Fahrer zu bestellen - Online Taxi Apps funktionieren dort nicht.",,0,0,
Lara,Spain,One Bedroom Private Pool Villa,4 nights,Family,08-05-2023 00:00:00,Very good,8.0,es,El sitio es precioso y la atenciÃ³n buenÃ­sima,"El aseo olÃ­a muy mal siempre, desde el primer dÃ­a que llegamos, habÃ­a mucha humedad y era un poco insoportable","title: Very good. liked: El sitio es precioso y la atenciÃ³n buenÃ­sima. disliked: El aseo olÃ­a muy mal siempre, desde el primer dÃ­a que llegamos, habÃ­a mucha humedad y era un poco insoportable.",,0,0,
Linda,Germany,Two Bedroom Private Pool Villa,5 nights,Family,07-16-2023 00:00:00,"FÃ¼r einen ruhigen entspannten Urlaub sehr zu empfehlen, man darf nicht viel erwarten was die Umgebung betrifft und benÃ¶t",9.0,de,"Es war sehr ruhig. Die Villa war groÃŸ, hell und toll eingerichtet. Alles war sauber und es wurde jeden Tag gereinigt.",Die Lage war doch sehr weit ab vom Schuss.,"title: FÃ¼r einen ruhigen entspannten Urlaub sehr zu empfehlen, man darf nicht viel erwarten was die Umgebung betrifft und benÃ¶t. liked: Es war sehr ruhig. Die Villa war groÃŸ, hell und toll eingerichtet. Alles war sauber und es wurde jeden Tag gereinigt. disliked: Die Lage war doch sehr weit ab vom Schuss.",,0,0,
Ni,Indonesia,Two Bedroom Private Pool Villa,2 nights,Family,05-29-2023 00:00:00,Very good,8.0,id,sarapannya enak,,title: Very good. liked: sarapannya enak.,,0,0,
Ken,Estonia,Two Bedroom Private Pool Villa,6 nights,Family,04-03-2023 00:00:00,Pleasant,6.0,et,Toad olid suured,LÃ¤heduses polnud midagi teha. Basseini Ã¤Ã¤res ei saanud puhata kuna polnud lamamistoole,title: Pleasant. liked: Toad olid suured. disliked: LÃ¤heduses polnud midagi teha. Basseini Ã¤Ã¤res ei saanud puhata kuna polnud lamamistoole.,,0,0,
Jakub,Czech Republic,Two Bedroom Private Pool Villa,2 nights,Couple,02-15-2023 00:00:00,Superb,9.0,cs,"UbytovÃ¡nÃ­ jako celek pÅ¯sobÃ­ moc hezky. Je sice troÅ¡ku mimo hlavnÃ­ ulici ale kdyÅ¾ mÃ¡ ÄlovÄ›k skÃºtr, je to asi to nejmenÅ¡Ã­, vzhledem k tomu jakÃ½ je tam klid. Pokoje jsou hezky vybavenÃ© a ÄistÃ©. PersonÃ¡l je velmi ochotnÃ½, pÅ™Ã¡telskÃ½.","JedinÃ© mÃ­nus na celÃ©m ubytovÃ¡nÃ­ je stav koupelen. S tÃ­m je spojena i cena, kterÃ¡ nenÃ­ tedy ÃºplnÄ› jedna z nejlevnÄ›jÅ¡Ã­ch. Koupelna jako takovÃ¡, je v poÅ™Ã¡dku, hezky zaÅ™Ã­zenÃ¡, bohuÅ¾el byla pÅ™Ã­tomna plÃ­seÅˆ pÅ™edevÅ¡Ã­m na stropÄ›. ChÃ¡pu Å¾e je na Bali vysokÃ¡ vlhkost, ale vzhledem k tÃ© cenÄ› za ubytovÃ¡nÃ­, by tohle mÄ›li co nejdÅ™Ã­ve vyÅ™eÅ¡it. KazÃ­ to celkovÃ½ dojem hned po pÅ™Ã­jezdu.","title: Superb. liked: UbytovÃ¡nÃ­ jako celek pÅ¯sobÃ­ moc hezky. Je sice troÅ¡ku mimo hlavnÃ­ ulici ale kdyÅ¾ mÃ¡ ÄlovÄ›k skÃºtr, je to asi to nejmenÅ¡Ã­, vzhledem k tomu jakÃ½ je tam klid. Pokoje jsou hezky vybavenÃ© a ÄistÃ©. PersonÃ¡l je velmi ochotnÃ½, pÅ™Ã¡telskÃ½. disliked: JedinÃ© mÃ­nus na celÃ©m ubytovÃ¡nÃ­ je stav koupelen. S tÃ­m je spojena i cena, kterÃ¡ nenÃ­ tedy ÃºplnÄ› jedna z nejlevnÄ›jÅ¡Ã­ch. Koupelna jako takovÃ¡, je v poÅ™Ã¡dku, hezky zaÅ™Ã­zenÃ¡, bohuÅ¾el byla pÅ™Ã­tomna plÃ­seÅˆ pÅ™edevÅ¡Ã­m na stropÄ›. ChÃ¡pu Å¾e je na Bali vysokÃ¡ vlhkost, ale vzhledem k tÃ© cenÄ› za ubytovÃ¡nÃ­, by tohle mÄ›li co nejdÅ™Ã­ve vyÅ™eÅ¡it. KazÃ­ to celkovÃ½ dojem hned po pÅ™Ã­jezdu.",,1,0,
Margarita,Russia,One Bedroom Private Pool Villa,2 nights,Couple,02-13-2023 00:00:00,"Ğ¿Ğ¾Ğ½Ñ€Ğ°Ğ²Ğ¸Ğ»Ğ¾ÑÑŒ, Ğ½Ğ¾ Ğ´Ğ°Ğ»ĞµĞºĞ¾ Ğ¾Ñ‚ Ğ²ÑĞµÑ… Ğ´Ğ¾ÑÑ‚Ğ¾Ğ¿Ñ€Ğ¸Ğ¼ĞµÑ‡Ğ°Ñ‚ĞµĞ»ÑŒĞ½Ğ¾ÑÑ‚ĞµĞ¹. Ğ’Ğ¸Ğ»Ğ»Ğ° Ñ‡Ğ¸ÑÑ‚Ğ¾ Ğ´Ğ»Ñ Ğ¾Ñ‚Ğ´Ñ‹Ñ…Ğ° Ğ½Ğ° Ğ½ĞµĞ¹",8.0,ru,"Ğ¿Ñ€Ğ¾ÑÑ‚Ğ¾Ñ€Ğ½Ğ°Ñ Ğ²Ğ¸Ğ»Ğ»Ğ°, Ğ¼Ñ‹ Ğ±Ñ€Ğ°Ğ»Ğ¸ Ğ¾Ğ´Ğ½Ğ¾ĞºĞ¾Ğ¼Ğ½Ğ°Ñ‚Ğ½ÑƒÑ Ğ½Ğ° Ğ´Ğ²Ğ¾Ğ¸Ñ…. Ğ² Ğ²Ğ°Ğ½Ğ½Ğ¾Ğ¹ ĞºĞ¾Ğ¼Ğ½Ğ°Ñ‚Ğµ Ğ¸ Ğ´ÑƒÑˆĞµĞ²Ğ°Ñ Ğ¸ Ğ²Ğ°Ğ½Ğ½Ğ°Ñ. ĞºĞ¾Ğ¼Ğ½Ğ°Ñ‚Ğ° Ğ±Ğ¾Ğ»ÑŒÑˆĞ°Ñ. Ğ·Ğ°Ğ²Ñ‚Ñ€Ğ°ĞºĞ¸ ÑÑ€ĞµĞ´Ğ½Ğ¸Ğµ, Ğ½Ğ¾ Ğ´Ğ»Ñ ÑƒÑ‚Ñ€Ğ° Ğ½Ğ¾Ñ€Ğ¼Ğ°Ğ»ÑŒĞ½Ğ¾. Ğ¿Ñ€Ğ¾ÑĞ¸Ğ»Ğ¸ Ğ¿Ñ€Ğ¸Ğ½ĞµÑÑ‚Ğ¸ Ğ½Ğ° Ğ²Ğ¸Ğ»Ğ»Ñƒ, Ğ¿ĞµÑ€ÑĞ¾Ğ½Ğ°Ğ» Ğ¿Ñ€Ğ¸Ğ½ĞµÑ Ğ² ÑƒĞºĞ°Ğ·Ğ°Ğ½Ğ½Ğ¾Ğµ Ğ²Ñ€ĞµĞ¼Ñ. Ğ½Ğ° Ñ‚ĞµĞ»ĞµĞ²Ğ¸Ğ·Ğ¾Ñ€Ğµ Ğ² Ğ³Ğ¾ÑÑ‚Ğ¸Ğ½Ğ¾Ğ¹ ĞµÑÑ‚ÑŒ Ğ½ĞµÑ‚Ñ„Ğ»Ğ¸ĞºÑ, ĞµÑĞ»Ğ¸ Ğ¾ÑÑ‚Ğ°Ğ²Ğ°Ñ‚ÑŒÑÑ Ğ½Ğ° Ğ²Ğ¸Ğ»Ğ»Ğµ, Ğ¼Ğ¾Ğ¶Ğ½Ğ¾ Ğ¿Ğ¾ÑĞ¼Ğ¾Ñ‚Ñ€ĞµÑ‚ÑŒ Ğ²ĞµÑ‡ĞµÑ€Ğ¾Ğ¼ Ñ„Ğ¸Ğ»ÑŒĞ¼Ñ‹ Ğ¸Ğ»Ğ¸ ÑĞµÑ€Ğ¸Ğ°Ğ».","Ğ´Ğ°Ğ»ĞµĞºĞ¾ Ğ¾Ñ‚ Ğ²ÑĞµÑ… Ğ´Ğ¾ÑÑ‚Ğ¾Ğ¿Ñ€Ğ¸Ğ¼ĞµÑ‡Ğ°Ñ‚ĞµĞ»ÑŒĞ½Ğ¾ÑÑ‚ĞµĞ¹. Ğ¼Ñ‹ Ğ±Ñ‹Ğ»Ğ¸ Ğ½Ğ° Ğ±Ğ°Ğ¹ĞºĞµ, Ğ¿Ğ¾ÑÑ‚Ğ¾Ğ¼Ñƒ Ğ² Ğ¿Ñ€Ğ¸Ğ½Ñ†Ğ¸Ğ¿Ğµ Ğ½Ğ¾Ñ€Ğ¼Ğ°Ğ»ÑŒĞ½Ğ¾. Ğ¿Ğ¾ĞµÑ…Ğ°Ñ‚ÑŒ Ğ¿Ğ¾ĞµÑÑ‚ÑŒ Ğ² Ğ±Ğ»Ğ¸Ğ¶Ğ°Ğ¹ÑˆĞµĞµ Ğ·Ğ°Ğ²ĞµĞ´ĞµĞ½Ğ¸Ğµ Ñ Ñ…Ğ¾Ñ€Ğ¾ÑˆĞ¸Ğ¼Ğ¸ Ğ¾Ñ‚Ğ·Ñ‹Ğ²Ğ°Ğ¼Ğ¸, Ğ½Ğµ Ğ‘Ğ°Ğ»Ğ¸Ğ¹ÑĞºĞ°Ñ ĞºÑƒÑ…Ğ½Ñ, Ğ½Ğ°Ğ´Ğ¾ ĞµÑ…Ğ°Ñ‚ÑŒ 20-25 Ğ¼Ğ¸Ğ½ÑƒÑ‚. Ğ¾Ğ´Ğ¸Ğ½ Ğ´ĞµĞ½ÑŒ Ğ±Ñ‹Ğ» Ğ´Ğ¾Ğ¶Ğ´ÑŒ Ğ¸ Ğ±Ñ€Ğ°Ğ»Ğ¸ ĞµĞ´Ñƒ Ğ² Ñ€ĞµÑÑ‚Ğ¾Ñ€Ğ°Ğ½Ğµ ÑÑ‚Ğ¾Ğ³Ğ¾ Ğ¼ĞµÑÑ‚Ğ°, Ğ½Ğµ Ğ¿Ğ¾Ğ½Ñ€Ğ°Ğ²Ğ¸Ğ»Ğ¾ÑÑŒ Ğ²Ğ¾Ğ¾Ğ±Ñ‰Ğµ, Ñ‚Ğ¾Ğ»ÑŒĞºĞ¾ Ğ¿Ğ¸Ñ†Ñ†Ğ° Ğ½Ğ¾Ñ€Ğ¼Ğ°Ğ»ÑŒĞ½Ğ°Ñ, Ğ¾ÑÑ‚Ğ°Ğ»ÑŒĞ½Ğ¾Ğµ Ğ½Ğµ ÑĞ¾Ğ²ĞµÑ‚ÑƒÑ. Ğ²ĞµÑ‡ĞµÑ€Ğ¾Ğ¼ Ğ¾Ñ‡ĞµĞ½ÑŒ Ğ¼Ğ½Ğ¾Ğ³Ğ¾ ĞšĞ¾Ğ¼Ğ°Ñ€Ğ¾Ğ². ÑĞ°Ğ¼Ğ° Ğ²Ğ¸Ğ»Ğ»Ğ° ÑƒÑÑ‚Ğ°Ğ²ÑˆĞ°Ñ, Ğ¼Ğ½Ğ¾Ğ³Ğ¾ Ğ¿ÑÑ‚ĞµĞ½, Ğ² Ğ²Ğ°Ğ½Ğ½Ğ¾Ğ¹, ĞºĞ¾Ğ¼Ğ½Ğ°Ñ‚Ğµ, Ğ² Ğ³Ğ¾ÑÑ‚Ğ¸Ğ½Ğ¾Ğ¹ Ğ½Ğ° Ğ´Ğ¸Ğ²Ğ°Ğ½Ğ°Ñ…. Ğ½Ğ° ĞºÑƒÑ…Ğ½Ğµ Ğ½ĞµÑ‚ Ğ½Ğ¸Ñ‡ĞµĞ³Ğ¾ ĞºÑ€Ğ¾Ğ¼Ğµ Ñ‡Ğ°Ğ¹Ğ½Ğ¸ĞºĞ°. Ğ¿Ñ€Ğ¸Ğ²Ğ¾Ğ·Ğ¸Ğ»Ğ¸ Ñ ÑĞ¾Ğ±Ğ¾Ğ¹ Ñ„Ñ€ÑƒĞºÑ‚Ñ‹, Ğ½Ğ¾Ğ¶ Ğ¸ Ñ‚Ğ°Ñ€ĞµĞ»ĞºÑƒ Ğ¿Ñ€Ğ¾ÑĞ¸Ğ»Ğ¸ Ğ½Ğ° Ğ»Ğ¾Ğ±Ğ±Ğ¸. Ğ±Ğ°ÑÑĞµĞ¹Ğ½ Ğ±Ñ‹Ğ» Ğ³Ñ€ÑĞ·Ğ½Ñ‹Ğ¼, Ğ½Ğ¾ ÑÑ‚Ğ¾ Ğ¸Ğ· Ğ·Ğ° Ğ´Ğ¾Ğ¶Ğ´Ñ Ğ¸ ÑĞ¸Ğ»ÑŒĞ½Ğ¾Ğ³Ğ¾ Ğ²ĞµÑ‚Ñ€Ğ°, Ğ½Ğ°Ğ»ĞµÑ‚ĞµĞ» Ğ¼ÑƒÑĞ¾Ñ€. Ğ¿Ğ¾Ğ¿Ñ€Ğ¾ÑĞ¸Ğ»Ğ¸ ÑƒĞ±Ñ€Ğ°Ñ‚ÑŒ, Ğ¿ĞµÑ€ÑĞ¾Ğ½Ğ°Ğ» ÑÑ€Ğ°Ğ·Ñƒ Ğ²ÑĞµ ÑĞ´ĞµĞ»Ğ°Ğ».","title: Ğ¿Ğ¾Ğ½Ñ€Ğ°Ğ²Ğ¸Ğ»Ğ¾ÑÑŒ, Ğ½Ğ¾ Ğ´Ğ°Ğ»ĞµĞºĞ¾ Ğ¾Ñ‚ Ğ²ÑĞµÑ… Ğ´Ğ¾ÑÑ‚Ğ¾Ğ¿Ñ€Ğ¸Ğ¼ĞµÑ‡Ğ°Ñ‚ĞµĞ»ÑŒĞ½Ğ¾ÑÑ‚ĞµĞ¹. Ğ’Ğ¸Ğ»Ğ»Ğ° Ñ‡Ğ¸ÑÑ‚Ğ¾ Ğ´Ğ»Ñ Ğ¾Ñ‚Ğ´Ñ‹Ñ…Ğ° Ğ½Ğ° Ğ½ĞµĞ¹. liked: Ğ¿Ñ€Ğ¾ÑÑ‚Ğ¾Ñ€Ğ½Ğ°Ñ Ğ²Ğ¸Ğ»Ğ»Ğ°, Ğ¼Ñ‹ Ğ±Ñ€Ğ°Ğ»Ğ¸ Ğ¾Ğ´Ğ½Ğ¾ĞºĞ¾Ğ¼Ğ½Ğ°Ñ‚Ğ½ÑƒÑ Ğ½Ğ° Ğ´Ğ²Ğ¾Ğ¸Ñ…. Ğ² Ğ²Ğ°Ğ½Ğ½Ğ¾Ğ¹ ĞºĞ¾Ğ¼Ğ½Ğ°Ñ‚Ğµ Ğ¸ Ğ´ÑƒÑˆĞµĞ²Ğ°Ñ Ğ¸ Ğ²Ğ°Ğ½Ğ½Ğ°Ñ. ĞºĞ¾Ğ¼Ğ½Ğ°Ñ‚Ğ° Ğ±Ğ¾Ğ»ÑŒÑˆĞ°Ñ. Ğ·Ğ°Ğ²Ñ‚Ñ€Ğ°ĞºĞ¸ ÑÑ€ĞµĞ´Ğ½Ğ¸Ğµ, Ğ½Ğ¾ Ğ´Ğ»Ñ ÑƒÑ‚Ñ€Ğ° Ğ½Ğ¾Ñ€Ğ¼Ğ°Ğ»ÑŒĞ½Ğ¾. Ğ¿Ñ€Ğ¾ÑĞ¸Ğ»Ğ¸ Ğ¿Ñ€Ğ¸Ğ½ĞµÑÑ‚Ğ¸ Ğ½Ğ° Ğ²Ğ¸Ğ»Ğ»Ñƒ, Ğ¿ĞµÑ€ÑĞ¾Ğ½Ğ°Ğ» Ğ¿Ñ€Ğ¸Ğ½ĞµÑ Ğ² ÑƒĞºĞ°Ğ·Ğ°Ğ½Ğ½Ğ¾Ğµ Ğ²Ñ€ĞµĞ¼Ñ. Ğ½Ğ° Ñ‚ĞµĞ»ĞµĞ²Ğ¸Ğ·Ğ¾Ñ€Ğµ Ğ² Ğ³Ğ¾ÑÑ‚Ğ¸Ğ½Ğ¾Ğ¹ ĞµÑÑ‚ÑŒ Ğ½ĞµÑ‚Ñ„Ğ»Ğ¸ĞºÑ, ĞµÑĞ»Ğ¸ Ğ¾ÑÑ‚Ğ°Ğ²Ğ°Ñ‚ÑŒÑÑ Ğ½Ğ° Ğ²Ğ¸Ğ»Ğ»Ğµ, Ğ¼Ğ¾Ğ¶Ğ½Ğ¾ Ğ¿Ğ¾ÑĞ¼Ğ¾Ñ‚Ñ€ĞµÑ‚ÑŒ Ğ²ĞµÑ‡ĞµÑ€Ğ¾Ğ¼ Ñ„Ğ¸Ğ»ÑŒĞ¼Ñ‹ Ğ¸Ğ»Ğ¸ ÑĞµÑ€Ğ¸Ğ°Ğ». disliked: Ğ´Ğ°Ğ»ĞµĞºĞ¾ Ğ¾Ñ‚ Ğ²ÑĞµÑ… Ğ´Ğ¾ÑÑ‚Ğ¾Ğ¿Ñ€Ğ¸Ğ¼ĞµÑ‡Ğ°Ñ‚ĞµĞ»ÑŒĞ½Ğ¾ÑÑ‚ĞµĞ¹. Ğ¼Ñ‹ Ğ±Ñ‹Ğ»Ğ¸ Ğ½Ğ° Ğ±Ğ°Ğ¹ĞºĞµ, Ğ¿Ğ¾ÑÑ‚Ğ¾Ğ¼Ñƒ Ğ² Ğ¿Ñ€Ğ¸Ğ½Ñ†Ğ¸Ğ¿Ğµ Ğ½Ğ¾Ñ€Ğ¼Ğ°Ğ»ÑŒĞ½Ğ¾. Ğ¿Ğ¾ĞµÑ…Ğ°Ñ‚ÑŒ Ğ¿Ğ¾ĞµÑÑ‚ÑŒ Ğ² Ğ±Ğ»Ğ¸Ğ¶Ğ°Ğ¹ÑˆĞµĞµ Ğ·Ğ°Ğ²ĞµĞ´ĞµĞ½Ğ¸Ğµ Ñ Ñ…Ğ¾Ñ€Ğ¾ÑˆĞ¸Ğ¼Ğ¸ Ğ¾Ñ‚Ğ·Ñ‹Ğ²Ğ°Ğ¼Ğ¸, Ğ½Ğµ Ğ‘Ğ°Ğ»Ğ¸Ğ¹ÑĞºĞ°Ñ ĞºÑƒÑ…Ğ½Ñ, Ğ½Ğ°Ğ´Ğ¾ ĞµÑ…Ğ°Ñ‚ÑŒ 20-25 Ğ¼Ğ¸Ğ½ÑƒÑ‚. Ğ¾Ğ´Ğ¸Ğ½ Ğ´ĞµĞ½ÑŒ Ğ±Ñ‹Ğ» Ğ´Ğ¾Ğ¶Ğ´ÑŒ Ğ¸ Ğ±Ñ€Ğ°Ğ»Ğ¸ ĞµĞ´Ñƒ Ğ² Ñ€ĞµÑÑ‚Ğ¾Ñ€Ğ°Ğ½Ğµ ÑÑ‚Ğ¾Ğ³Ğ¾ Ğ¼ĞµÑÑ‚Ğ°, Ğ½Ğµ Ğ¿Ğ¾Ğ½Ñ€Ğ°Ğ²Ğ¸Ğ»Ğ¾ÑÑŒ Ğ²Ğ¾Ğ¾Ğ±Ñ‰Ğµ, Ñ‚Ğ¾Ğ»ÑŒĞºĞ¾ Ğ¿Ğ¸Ñ†Ñ†Ğ° Ğ½Ğ¾Ñ€Ğ¼Ğ°Ğ»ÑŒĞ½Ğ°Ñ, Ğ¾ÑÑ‚Ğ°Ğ»ÑŒĞ½Ğ¾Ğµ Ğ½Ğµ ÑĞ¾Ğ²ĞµÑ‚ÑƒÑ. Ğ²ĞµÑ‡ĞµÑ€Ğ¾Ğ¼ Ğ¾Ñ‡ĞµĞ½ÑŒ Ğ¼Ğ½Ğ¾Ğ³Ğ¾ ĞšĞ¾Ğ¼Ğ°Ñ€Ğ¾Ğ². ÑĞ°Ğ¼Ğ° Ğ²Ğ¸Ğ»Ğ»Ğ° ÑƒÑÑ‚Ğ°Ğ²ÑˆĞ°Ñ, Ğ¼Ğ½Ğ¾Ğ³Ğ¾ Ğ¿ÑÑ‚ĞµĞ½, Ğ² Ğ²Ğ°Ğ½Ğ½Ğ¾Ğ¹, ĞºĞ¾Ğ¼Ğ½Ğ°Ñ‚Ğµ, Ğ² Ğ³Ğ¾ÑÑ‚Ğ¸Ğ½Ğ¾Ğ¹ Ğ½Ğ° Ğ´Ğ¸Ğ²Ğ°Ğ½Ğ°Ñ…. Ğ½Ğ° ĞºÑƒÑ…Ğ½Ğµ Ğ½ĞµÑ‚ Ğ½Ğ¸Ñ‡ĞµĞ³Ğ¾ ĞºÑ€Ğ¾Ğ¼Ğµ Ñ‡Ğ°Ğ¹Ğ½Ğ¸ĞºĞ°. Ğ¿Ñ€Ğ¸Ğ²Ğ¾Ğ·Ğ¸Ğ»Ğ¸ Ñ ÑĞ¾Ğ±Ğ¾Ğ¹ Ñ„Ñ€ÑƒĞºÑ‚Ñ‹, Ğ½Ğ¾Ğ¶ Ğ¸ Ñ‚Ğ°Ñ€ĞµĞ»ĞºÑƒ Ğ¿Ñ€Ğ¾ÑĞ¸Ğ»Ğ¸ Ğ½Ğ° Ğ»Ğ¾Ğ±Ğ±Ğ¸. Ğ±Ğ°ÑÑĞµĞ¹Ğ½ Ğ±Ñ‹Ğ» Ğ³Ñ€ÑĞ·Ğ½Ñ‹Ğ¼, Ğ½Ğ¾ ÑÑ‚Ğ¾ Ğ¸Ğ· Ğ·Ğ° Ğ´Ğ¾Ğ¶Ğ´Ñ Ğ¸ ÑĞ¸Ğ»ÑŒĞ½Ğ¾Ğ³Ğ¾ Ğ²ĞµÑ‚Ñ€Ğ°, Ğ½Ğ°Ğ»ĞµÑ‚ĞµĞ» Ğ¼ÑƒÑĞ¾Ñ€. Ğ¿Ğ¾Ğ¿Ñ€Ğ¾ÑĞ¸Ğ»Ğ¸ ÑƒĞ±Ñ€Ğ°Ñ‚ÑŒ, Ğ¿ĞµÑ€ÑĞ¾Ğ½Ğ°Ğ» ÑÑ€Ğ°Ğ·Ñƒ Ğ²ÑĞµ ÑĞ´ĞµĞ»Ğ°Ğ».",,0,0,
Ismail,United Arab Emirates,One Bedroom Private Pool Villa,2 nights,Couple,02-07-2023 00:00:00,Good,7.0,ar,Ù†Ø¸ÙŠÙ Ù‡Ø¯ÙˆØ¡ Ø§Ù„Ù…Ù†Ø·Ù‚Ù‡,Ø¨Ø¹ÙŠØ¯ Ø¹Ù† Ø§Ù„Ø®Ø¯Ù…Ø§Øª Ø§Ù„Ø§ÙØ·Ø§Ø± Ù…Ø§ØªÙ‚Ø¯Ø± ØªØ³ØªØ®Ø¯Ù… ØªØ·Ø¨ÙŠÙ‚ Grab,title: Good. liked: Ù†Ø¸ÙŠÙ Ù‡Ø¯ÙˆØ¡ Ø§Ù„Ù…Ù†Ø·Ù‚Ù‡. disliked: Ø¨Ø¹ÙŠØ¯ Ø¹Ù† Ø§Ù„Ø®Ø¯Ù…Ø§Øª Ø§Ù„Ø§ÙØ·Ø§Ø± Ù…Ø§ØªÙ‚Ø¯Ø± ØªØ³ØªØ®Ø¯Ù… ØªØ·Ø¨ÙŠÙ‚ Grab.,,2,0,
Sebastian,Chile,Deluxe One Bedroom Private Pool Villa,1 night,Couple,07-21-2025 00:00:00,Relajo,10.0,es,TODO....la ubicaciÃ³n alejado del ruido muy tranquilo en medio de los bosques y plantaciones de arroz,,title: Relajo. liked: TODO....la ubicaciÃ³n alejado del ruido muy tranquilo en medio de los bosques y plantaciones de arroz.,,0,0,
Jeyoung,South Korea,One Bedroom Private Pool Villa,2 nights,Couple,10-19-2024 00:00:00,ì´ê³³ì„ ì˜ˆì•½í–ˆë‹¤ë©´ ê°ì‹¤ì— ë“¤ì–´ê°€ì ë§ˆì ë¬¼ì´ ìˆœí™˜ë˜ê³  ìˆëŠ”ì§€ í™•ì¸í•˜ì„¸ìš”(ë²„ë¸” ë²„ë¸”),1.0,ko,ìˆ™ì†ŒëŠ” ì „ë°˜ì ìœ¼ë¡œ ìˆ˜ì¤€ê¸‰ì— í˜¸í…”ì´ì—ˆìŠµë‹ˆë‹¤. ì €ë ´í•œ ê°€ê²©ì— ê°œì¸ í’€ë¹Œë¼ë¥¼ ì¦ê¸¸ ìˆ˜ ìˆìŠµë‹ˆë‹¤.,ì²«ë‚  ì €í¬ê°€ ë¶€í‚¹ë‹·ì»´ì—ì„œ ë´¤ë˜ ë°©ê³¼ ë‹¤ë¥¸ ë°©ìœ¼ë¡œ ë°›ì•„ë´¤ìŠµë‹ˆë‹¤. ë‘ê°œ ë£¸ ì‚¬ì§„ì„ í•œ ë°©ì¸ê±°ì²˜ëŸ¼ ë˜ì–´ìˆì—ˆìŠµë‹ˆë‹¤. ë°©ì´ ë‹¤ë¥´ë‹¤ê³  ì–˜ê¸°í–ˆì§€ë§Œ ì§ì›ì€ ìê¸°ëŠ” ëª¨ë¥´ëŠ” ì¼ì´ë¼ë©° ê°€ë²„ë ¸ìŠµë‹ˆë‹¤. ê·¸ë‚  ë°¤ í”„ë¼ì´ë¹— ìˆ˜ì˜ì¥ì—ëŠ” ì¡°ëª…ì´ ë“¤ì–´ì˜¤ì§€ ì•Šì•„ ë¬¸ì˜í–ˆë”ë‹ˆ ë°¤ì´ ë˜ë©´ ë“¤ì–´ì˜¨ë‹¤ í–ˆê³  ë°¤ì´ ë˜ì–´ë„ ë“¤ì–´ì˜¤ì§€ ì•Šì•˜ìŠµë‹ˆë‹¤. ë¬¼ë„ ìˆœí™˜ ë˜ì§€ ì•Šì•„ ë”ëŸ½ë‹¤ í–ˆë”ë‹ˆ ìœ„ì— ë‚˜ë­‡ìë§Œ ê±´ì ¸ì£¼ê³  ê°”ìŠµë‹ˆë‹¤. ì¡°ëª…ì€ ë°¤ì´ ë˜ì–´ì•¼ ê³ ì³ì¤€ë‹¤ê³  í–ˆì§€ë§Œ ì „í˜€ ê³ ì³ì§€ì§€ ì•Šì•˜ê³  2ë°•ì¤‘ ì²«ë‚ ì„ ê·¸ë ‡ê²Œ ë‚ ë ¸ìŠµë‹ˆë‹¤. ë‘˜ì¨Œë‚  ë°©ì„ ë°”ê¿”ì¤€ë‹¤ê³  í–ˆì§€ë§Œ ê·¸ ë°© ì—­ì‹œ ê³µì‚¬ì¤‘ì¸ ë°©ì´ì—ˆìŠµë‹ˆë‹¤. ì˜¤í›„ 1ì‹œë©´ ì¤€ë¹„ëœë‹¤ê³  í–ˆì§€ë§Œ 3ì‹œê°€ ë„˜ì–´ì„œì•¼ ì˜¤ëŠ˜ë‚´ë¡œ ê³µì‚¬ ì™„ë£Œê°€ ì•ˆ ëœë‹¤ê³  í–ˆê³  ê·¸ì œì•¼ ë˜ ë‹¤ë¥¸ ë°©ì„ ë³´ì—¬ì£¼ê³  ë³€ê²½í•´ì£¼ì—ˆìŠµë‹ˆë‹¤. ê·¸ ë°©ì€ ë¬¼ë„ ìˆœí™˜ë˜ê³  ìˆì—ˆê³  ì¡°ëª…ë„ ë“¤ì–´ì™”ìŠµë‹ˆë‹¤. ì €í¬ê°€ ì˜ˆì•½í•œ ë°©ë³´ë‹¤ë„ ì¢‹ì€ ë°©ì´ì—ˆìŠµë‹ˆë‹¤. ê·¸ ë•Œ ë˜ì„œì•¼ ì‚¬ê³¼ë¥¼ ë°›ì•˜ê³  ì„œë¹„ìŠ¤ë¡œ í”¼ìë„ í•œíŒ ë°›ì•˜ìŠµë‹ˆë‹¤. 2ë°•ì´ì—ˆìœ¼ë‹ˆ í•˜ë£¨ë¼ë„ ë³´ìƒì„ ë°›ì•˜ì§€ 1ë°•ë§Œ ì˜ˆì•½ í–ˆì—ˆë‹¤ë©´ ì˜ëª»ëœ ë°©ì¸ê²ƒë„ ìˆ˜ì˜ì¥ ë¬¼ì´ ìˆœí™˜ë˜ì§€ ì•Šì•„ ë”ëŸ½ë‹¤ëŠ”ê±°ë„ ëª¨ë¥´ê³  ë‚˜ì˜¬ë»”í–ˆìŠµë‹ˆë‹¤. ì¢‹ì€ í˜¸í…”ì´ì§€ë§Œ ê·¸ ì§ì›ë“¤ì´ ì²˜ìŒë¶€í„° ì €í¬ë¥¼ ì†ì˜€ê³  ê³„ì† ê±°ì§“ë§ë¡œ ì¼ê´€ í–ˆê¸°ì— ì¬ë°©ë¬¸ì€ ì–´ë ¤ìš¸ ê±° ê°™ìŠµë‹ˆë‹¤. ì•„ ì˜¨ìˆ˜ëŠ” ìš•ì¡°ë¥¼ ë‹¤ ì±„ìš°ì§€ ëª»í•˜ê³  ì°¨ê°€ìš´ ë¬¼ë¡œ ë°”ë€ë‹ˆë‹¤.,title: ì´ê³³ì„ ì˜ˆì•½í–ˆë‹¤ë©´ ê°ì‹¤ì— ë“¤ì–´ê°€ì ë§ˆì ë¬¼ì´ ìˆœí™˜ë˜ê³  ìˆëŠ”ì§€ í™•ì¸í•˜ì„¸ìš”(ë²„ë¸” ë²„ë¸”) liked: ìˆ™ì†ŒëŠ” ì „ë°˜ì ìœ¼ë¡œ ìˆ˜ì¤€ê¸‰ì— í˜¸í…”ì´ì—ˆìŠµë‹ˆë‹¤. ì €ë ´í•œ ê°€ê²©ì— ê°œì¸ í’€ë¹Œë¼ë¥¼ ì¦ê¸¸ ìˆ˜ ìˆìŠµë‹ˆë‹¤. disliked: ì²«ë‚  ì €í¬ê°€ ë¶€í‚¹ë‹·ì»´ì—ì„œ ë´¤ë˜ ë°©ê³¼ ë‹¤ë¥¸ ë°©ìœ¼ë¡œ ë°›ì•„ë´¤ìŠµë‹ˆë‹¤. ë‘ê°œ ë£¸ ì‚¬ì§„ì„ í•œ ë°©ì¸ê±°ì²˜ëŸ¼ ë˜ì–´ìˆì—ˆìŠµë‹ˆë‹¤. ë°©ì´ ë‹¤ë¥´ë‹¤ê³  ì–˜ê¸°í–ˆì§€ë§Œ ì§ì›ì€ ìê¸°ëŠ” ëª¨ë¥´ëŠ” ì¼ì´ë¼ë©° ê°€ë²„ë ¸ìŠµë‹ˆë‹¤. ê·¸ë‚  ë°¤ í”„ë¼ì´ë¹— ìˆ˜ì˜ì¥ì—ëŠ” ì¡°ëª…ì´ ë“¤ì–´ì˜¤ì§€ ì•Šì•„ ë¬¸ì˜í–ˆë”ë‹ˆ ë°¤ì´ ë˜ë©´ ë“¤ì–´ì˜¨ë‹¤ í–ˆê³  ë°¤ì´ ë˜ì–´ë„ ë“¤ì–´ì˜¤ì§€ ì•Šì•˜ìŠµë‹ˆë‹¤. ë¬¼ë„ ìˆœí™˜ ë˜ì§€ ì•Šì•„ ë”ëŸ½ë‹¤ í–ˆë”ë‹ˆ ìœ„ì— ë‚˜ë­‡ìë§Œ ê±´ì ¸ì£¼ê³  ê°”ìŠµë‹ˆë‹¤. ì¡°ëª…ì€ ë°¤ì´ ë˜ì–´ì•¼ ê³ ì³ì¤€ë‹¤ê³  í–ˆì§€ë§Œ ì „í˜€ ê³ ì³ì§€ì§€ ì•Šì•˜ê³  2ë°•ì¤‘ ì²«ë‚ ì„ ê·¸ë ‡ê²Œ ë‚ ë ¸ìŠµë‹ˆë‹¤. ë‘˜ì¨Œë‚  ë°©ì„ ë°”ê¿”ì¤€ë‹¤ê³  í–ˆì§€ë§Œ ê·¸ ë°© ì—­ì‹œ ê³µì‚¬ì¤‘ì¸ ë°©ì´ì—ˆìŠµë‹ˆë‹¤. ì˜¤í›„ 1ì‹œë©´ ì¤€ë¹„ëœë‹¤ê³  í–ˆì§€ë§Œ 3ì‹œê°€ ë„˜ì–´ì„œì•¼ ì˜¤ëŠ˜ë‚´ë¡œ ê³µì‚¬ ì™„ë£Œê°€ ì•ˆ ëœë‹¤ê³  í–ˆê³  ê·¸ì œì•¼ ë˜ ë‹¤ë¥¸ ë°©ì„ ë³´ì—¬ì£¼ê³  ë³€ê²½í•´ì£¼ì—ˆìŠµë‹ˆë‹¤. ê·¸ ë°©ì€ ë¬¼ë„ ìˆœí™˜ë˜ê³  ìˆì—ˆê³  ì¡°ëª…ë„ ë“¤ì–´ì™”ìŠµë‹ˆë‹¤. ì €í¬ê°€ ì˜ˆì•½í•œ ë°©ë³´ë‹¤ë„ ì¢‹ì€ ë°©ì´ì—ˆìŠµë‹ˆë‹¤. ê·¸ ë•Œ ë˜ì„œì•¼ ì‚¬ê³¼ë¥¼ ë°›ì•˜ê³  ì„œë¹„ìŠ¤ë¡œ í”¼ìë„ í•œíŒ ë°›ì•˜ìŠµë‹ˆë‹¤. 2ë°•ì´ì—ˆìœ¼ë‹ˆ í•˜ë£¨ë¼ë„ ë³´ìƒì„ ë°›ì•˜ì§€ 1ë°•ë§Œ ì˜ˆì•½ í–ˆì—ˆë‹¤ë©´ ì˜ëª»ëœ ë°©ì¸ê²ƒë„ ìˆ˜ì˜ì¥ ë¬¼ì´ ìˆœí™˜ë˜ì§€ ì•Šì•„ ë”ëŸ½ë‹¤ëŠ”ê±°ë„ ëª¨ë¥´ê³  ë‚˜ì˜¬ë»”í–ˆìŠµë‹ˆë‹¤. ì¢‹ì€ í˜¸í…”ì´ì§€ë§Œ ê·¸ ì§ì›ë“¤ì´ ì²˜ìŒë¶€í„° ì €í¬ë¥¼ ì†ì˜€ê³  ê³„ì† ê±°ì§“ë§ë¡œ ì¼ê´€ í–ˆê¸°ì— ì¬ë°©ë¬¸ì€ ì–´ë ¤ìš¸ ê±° ê°™ìŠµë‹ˆë‹¤. ì•„ ì˜¨ìˆ˜ëŠ” ìš•ì¡°ë¥¼ ë‹¤ ì±„ìš°ì§€ ëª»í•˜ê³  ì°¨ê°€ìš´ ë¬¼ë¡œ ë°”ë€ë‹ˆë‹¤.,,0,0,
Hedde,Netherlands,Three Bedroom Private Pool Villa,3 nights,Group,10-01-2024 00:00:00,Passable,5.0,nl,Prima kamers,Ligging (te ver af van Ubud). Presentatie (foto's) riepen ander beeld op dan werkelijkheid.,title: Passable. liked: Prima kamers. disliked: Ligging (te ver af van Ubud). Presentatie (foto's) riepen ander beeld op dan werkelijkheid.,,0,0,
Derya,Germany,One Bedroom Private Pool Villa,7 nights,Couple,08-05-2024 00:00:00,"Schlecht. Nicht hilfsbereit, falsche Angaben des Ortes, zu weit weg von allem",1.0,de,"Hallo alle zusammen, das ist meine erste negative Rezension die ich hier auf Booking mache, aber die aufjedenfall machen mÃ¶chte, damit anderen nicht das selbe passiert wie uns. Es wird im Internet angegeben das Hotel wÃ¼rde sich in Ubud befinden, jedoch ist es 40min vom Ubud zentrum entfernt. Das Hotel stellt auch garkeine MÃ¶glichkeiten bereit um ins Zentrum oder woanders hinzukommen. Keine Motorbikeâ€˜s, keine Autos zur VerfÃ¼gung. Selbst gojek und grab fahren da nicht hin, was hieÃŸ, dass wir quasi einen Tag im Hotel gefangen waren, da wir uns nicht fortbewegen konnten. Rundherum nur Reisfelder und jungle das wars. Zum GlÃ¼ck hatten wir einen Freund der in Bali lebt, der uns mit sein Auto abholen konnte. Mussten dann die restlichen Tage einen privaten Fahrer buchen. All dies fÃ¼hrte unnÃ¶tig zu mehr kosten. Zudem gab es auch Probleme im Zimmer. Als wir die Toilette spÃ¼hlen wollten funktioniert das WC nicht. Es wurde im Hotel auch nach dreimaliger Ansprache nichts gemacht, sodass wir das WC nicht nutzen konnten. Sie meinten jemand wÃ¼rde kommen doch keiner kam. UnmÃ¶glich! Wir sind Vegetarier, bei der Bestellung des FrÃ¼hstÃ¼ckes, wurden wir mit Fleisch serviert. Also sogut wie alles was schief laufen kann lief schief. Auch andere HotelgÃ¤ste beschwerten sich vor ort bei der Ankunft Ã¼ber den Ort des Hotels, da sie auch wie wir dachten sie hÃ¤tten in Ubud gebucht und festgestellt wie weit sie von allem sind.Also Alle die Zentral buchen mÃ¶chten und in Ubud sein mÃ¶chten und nicht irgendwo im Nirgendwo, der sollte die Finger von diesem Hotel lassen. Hier seid ihr nÃ¤mlich lost. Das Personal ist euch nÃ¤mlich auch keine Hilfe.",,"title: Schlecht. Nicht hilfsbereit, falsche Angaben des Ortes, zu weit weg von allem. liked: Hallo alle zusammen, das ist meine erste negative Rezension die ich hier auf Booking mache, aber die aufjedenfall machen mÃ¶chte, damit anderen nicht das selbe passiert wie uns. Es wird im Internet angegeben das Hotel wÃ¼rde sich in Ubud befinden, jedoch ist es 40min vom Ubud zentrum entfernt. Das Hotel stellt auch garkeine MÃ¶glichkeiten bereit um ins Zentrum oder woanders hinzukommen. Keine Motorbikeâ€˜s, keine Autos zur VerfÃ¼gung. Selbst gojek und grab fahren da nicht hin, was hieÃŸ, dass wir quasi einen Tag im Hotel gefangen waren, da wir uns nicht fortbewegen konnten. Rundherum nur Reisfelder und jungle das wars. Zum GlÃ¼ck hatten wir einen Freund der in Bali lebt, der uns mit sein Auto abholen konnte. Mussten dann die restlichen Tage einen privaten Fahrer buchen. All dies fÃ¼hrte unnÃ¶tig zu mehr kosten. Zudem gab es auch Probleme im Zimmer. Als wir die Toilette spÃ¼hlen wollten funktioniert das WC nicht. Es wurde im Hotel auch nach dreimaliger Ansprache nichts gemacht, sodass wir das WC nicht nutzen konnten. Sie meinten jemand wÃ¼rde kommen doch keiner kam. UnmÃ¶glich! Wir sind Vegetarier, bei der Bestellung des FrÃ¼hstÃ¼ckes, wurden wir mit Fleisch serviert. Also sogut wie alles was schief laufen kann lief schief. Auch andere HotelgÃ¤ste beschwerten sich vor ort bei der Ankunft Ã¼ber den Ort des Hotels, da sie auch wie wir dachten sie hÃ¤tten in Ubud gebucht und festgestellt wie weit sie von allem sind.Also Alle die Zentral buchen mÃ¶chten und in Ubud sein mÃ¶chten und nicht irgendwo im Nirgendwo, der sollte die Finger von diesem Hotel lassen. Hier seid ihr nÃ¤mlich lost. Das Personal ist euch nÃ¤mlich auch keine Hilfe.",,1,0,
Ø®Ø§Ù„Ø¯,Saudi Arabia,Deluxe One Bedroom Private Pool Villa,2 nights,Couple,07-23-2024 00:00:00,Passable,5.0,ar,Ù†Ø¸Ø§ÙØ© ØºØ±ÙØ© Ø§Ù„Ù†ÙˆÙ… ÙˆØ¯ÙˆØ±Ø© Ø§Ù„Ù…ÙŠØ§Ø© ÙÙ‚Ø·,Ø§Ù„Ù…Ø³Ø¨Ø­ ØºÙŠØ± Ù†Ø¶ÙŠÙ ÙˆÙ„Ø§ ÙŠÙ†ØµØ­ Ø¨Ù‡ ØªØ±ÙƒØª Ø§Ù„Ø¨Ø§Ø¨ Ù…ØºÙ‚Ù„Ø§ Ø¨Ø§Ù„Ù…ÙØªØ§Ø­ ÙˆÙ„Ù…Ø§ Ø¹Ø¯Øª ÙˆØ¬Ø¯ØªÙ‡ Ù…ÙØªÙˆØ­Ø§ Ù„Ø§ ØªÙˆØ¬Ø¯ Ø®ØµÙˆØµÙŠÙ‡ Ø­ÙŠØ« Ø§Ù„Ù…Ø§Ø± Ø¨Ø§Ù„Ù…Ù…Ø± ÙŠØ³ØªØ·ÙŠØ¹ Ø±Ø¤ÙŠØ© Ù…Ù† Ù‡Ùˆ Ø¯Ø§Ø®Ù„ Ø§Ù„ÙÙ„Ù‡,title: Passable. liked: Ù†Ø¸Ø§ÙØ© ØºØ±ÙØ© Ø§Ù„Ù†ÙˆÙ… ÙˆØ¯ÙˆØ±Ø© Ø§Ù„Ù…ÙŠØ§Ø© ÙÙ‚Ø·. disliked: Ø§Ù„Ù…Ø³Ø¨Ø­ ØºÙŠØ± Ù†Ø¶ÙŠÙ ÙˆÙ„Ø§ ÙŠÙ†ØµØ­ Ø¨Ù‡ ØªØ±ÙƒØª Ø§Ù„Ø¨Ø§Ø¨ Ù…ØºÙ‚Ù„Ø§ Ø¨Ø§Ù„Ù…ÙØªØ§Ø­ ÙˆÙ„Ù…Ø§ Ø¹Ø¯Øª ÙˆØ¬Ø¯ØªÙ‡ Ù…ÙØªÙˆØ­Ø§ Ù„Ø§ ØªÙˆØ¬Ø¯ Ø®ØµÙˆØµÙŠÙ‡ Ø­ÙŠØ« Ø§Ù„Ù…Ø§Ø± Ø¨Ø§Ù„Ù…Ù…Ø± ÙŠØ³ØªØ·ÙŠØ¹ Ø±Ø¤ÙŠØ© Ù…Ù† Ù‡Ùˆ Ø¯Ø§Ø®Ù„ Ø§Ù„ÙÙ„Ù‡.,,1,0,
Michael,Germany,One Bedroom Private Pool Villa,2 nights,Group,04-25-2024 00:00:00,Poor,3.0,de,Absolut dreckig und der Manager war einfach super unfreundlich. Lage war echt okay.,,title: Poor. liked: Absolut dreckig und der Manager war einfach super unfreundlich. Lage war echt okay.,,0,0,
Lucky,Indonesia,Three Bedroom Private Pool Villa,1 night,Group,01-17-2024 00:00:00,"villany bagus bgt, tolong dong staffny lbh d training lg ğŸ¥²",5.0,id,"villany sangat bagus dan bersih, suka bgt sm villany, cocok bgt suasanany tenang, nyaman","sayang BANGET, baru dateng d suguhi sm staf yg sangat kurang ramah tumben bgt nginep d suguhi sm staff yg kaya gini ğŸ˜‚ d tulis chek in jam 2 tapi sampai sana baru masuk jam stg 4 itupun krn komplain berkaliâ€, apa lg bawa temen yg lg hamil n bwa anak kecil, sayang bgt villa bagus garaâ€ satu staf jadi kurang nyaman padahal staf yg lain ramah","title: villany bagus bgt, tolong dong staffny lbh d training lg ğŸ¥². liked: villany sangat bagus dan bersih, suka bgt sm villany, cocok bgt suasanany tenang, nyaman. disliked: sayang BANGET, baru dateng d suguhi sm staf yg sangat kurang ramah tumben bgt nginep d suguhi sm staff yg kaya gini ğŸ˜‚ d tulis chek in jam 2 tapi sampai sana baru masuk jam stg 4 itupun krn komplain berkaliâ€, apa lg bawa temen yg lg hamil n bwa anak kecil, sayang bgt villa bagus garaâ€ satu staf jadi kurang nyaman padahal staf yg lain ramah.",,1,0,
Dea,Indonesia,Three Bedroom Private Pool Villa,1 night,Family,11-02-2023 00:00:00,"Villa terbaik di ubud yg pernah saya kunjungi, love it",10.0,id,Pelayanannya sangat teramat ramah sekali wajib nginep disini kelo ke ubud,,"title: Villa terbaik di ubud yg pernah saya kunjungi, love it. liked: Pelayanannya sangat teramat ramah sekali wajib nginep disini kelo ke ubud.",,0,0,
Mateusz,Poland,One Bedroom Private Pool Villa,3 nights,Couple,09-15-2023 00:00:00,Rozczarowanie,2.0,pl,W sumie to nic,"Jedzenia sÅ‚abe, dostaÅ‚em surowe jedzenie, wszÄ™dzie byÅ‚o brudno. Åazienka Å›mierdziaÅ‚a pleÅ›niÄ…. Szczerze odradzam ten hotel. NiedziaÅ‚ajÄ…ce Å›wiatÅ‚o zewnÄ™trzne, basenowe. Tylko dwa rÄ™czniki.","title: Rozczarowanie. liked: W sumie to nic. disliked: Jedzenia sÅ‚abe, dostaÅ‚em surowe jedzenie, wszÄ™dzie byÅ‚o brudno. Åazienka Å›mierdziaÅ‚a pleÅ›niÄ…. Szczerze odradzam ten hotel. NiedziaÅ‚ajÄ…ce Å›wiatÅ‚o zewnÄ™trzne, basenowe. Tylko dwa rÄ™czniki.",,1,0,
Omur,Turkey,Two Bedroom Private Pool Villa,2 nights,Family,09-09-2023 00:00:00,Birdaha Bali ye belirsem bu villa Lara tekrar gelecem,10.0,tr,MutteÅŸem balayÄ± villalarÄ±,Hersey mÃ¼kemmeldi,title: Birdaha Bali ye belirsem bu villa Lara tekrar gelecem. liked: MutteÅŸem balayÄ± villalarÄ±. disliked: Hersey mÃ¼kemmeldi.,,0,0,
Katharina,Germany,Two Bedroom Private Pool Villa,6 nights,Family,08-24-2023 00:00:00,Exceptional,10.0,de,Alles war sehr gut,,title: Exceptional. liked: Alles war sehr gut.,,0,0,
Yu,Taiwan,Two Bedroom Private Pool Villa,1 night,Group,08-22-2023 00:00:00,Exceptional,10.0,zh-tw,æˆ¿é–“çš„ï¿¼æ•´æ½”åº¦å¾ˆæ»¿æ„,,title: Exceptional. liked: æˆ¿é–“çš„ï¿¼æ•´æ½”åº¦å¾ˆæ»¿æ„.,,0,0,
Benoit,France,Two Bedroom Private Pool Villa,2 nights,Family,08-05-2023 00:00:00,Exceptional,10.0,fr,Magnifiques villas dans petit domaine Ã  taille humaine,Loin de tout mais il suffit du chauffeur pour aller et venir,title: Exceptional. liked: Magnifiques villas dans petit domaine Ã  taille humaine. disliked: Loin de tout mais il suffit du chauffeur pour aller et venir.,,0,0,
Abdullah,France,Deluxe One Bedroom Private Pool Villa,4 nights,Couple,07-25-2023 00:00:00,Pas d Eau chaude,4.0,fr,Nous avions eu une chambre hors du complexe. hÃ´tel qui s'agrandit en face route pour y accÃ©der catastrophe surtout la nuit. ProblÃ¨me d eau chaude rÃ©pÃ©titif. Chambre trÃ¨s petite,,title: Pas d Eau chaude. liked: Nous avions eu une chambre hors du complexe. hÃ´tel qui s'agrandit en face route pour y accÃ©der catastrophe surtout la nuit. ProblÃ¨me d eau chaude rÃ©pÃ©titif. Chambre trÃ¨s petite.,,0,0,
JimÃ©nez,Spain,Three Bedroom Private Pool Villa,3 nights,Family,07-04-2023 00:00:00,Bien,10.0,es,La cama y las almohadas muy cÃ³modas. El trabajo del personal es muy bueno. Siempre tratan de ayudar.,"El precio de la Villa me parece excesivo ya que estÃ¡ en mitad de la nada y la parte de la cocina no es cerrada, por la noche hay muchos bichos y no puedes hacer vida. DeberÃ­an cerrarlo e indicar que no es cocina como tal sino una encimera con un lavabo y una nevera. EstÃ¡ muy retirado y necesitarÃ¡s contratar un taxi privado para que te recoja y te lleve donde quieras. Grab y la otra aplicaciÃ³n no suelen llegar.","title: Bien. liked: La cama y las almohadas muy cÃ³modas. El trabajo del personal es muy bueno. Siempre tratan de ayudar. disliked: El precio de la Villa me parece excesivo ya que estÃ¡ en mitad de la nada y la parte de la cocina no es cerrada, por la noche hay muchos bichos y no puedes hacer vida. DeberÃ­an cerrarlo e indicar que no es cocina como tal sino una encimera con un lavabo y una nevera. EstÃ¡ muy retirado y necesitarÃ¡s contratar un taxi privado para que te recoja y te lleve donde quieras. Grab y la otra aplicaciÃ³n no suelen llegar.",,0,0,
BÃ¼sra,France,Two Bedroom Private Pool Villa,2 nights,Couple,06-22-2023 00:00:00,Magnifique,10.0,fr,"Pour commencer le personnel ! Un personnel trÃ¨s souriant, trÃ¨s accueillant, toujours de bonne humeurs ! Quand a lâ€™hÃ´tel une dÃ©co juste merveilleuse et propre ! On sâ€™est fait masser avec mon mari devant un paysage magnifique. Pensez Ã  prendre un anti moustique car en pleine nature on ne vous rate pas lol. Mais sur lâ€™hÃ´tel rien Ã  dire, 100/10. Les plats du restaurants sont trÃ¨s bons",,"title: Magnifique. liked: Pour commencer le personnel ! Un personnel trÃ¨s souriant, trÃ¨s accueillant, toujours de bonne humeurs ! Quand a lâ€™hÃ´tel une dÃ©co juste merveilleuse et propre ! On sâ€™est fait masser avec mon mari devant un paysage magnifique. Pensez Ã  prendre un anti moustique car en pleine nature on ne vous rate pas lol. Mais sur lâ€™hÃ´tel rien Ã  dire, 100/10. Les plats du restaurants sont trÃ¨s bons.",,0,0,
Fabien,France,One Bedroom Private Pool Villa,2 nights,Couple,06-18-2023 00:00:00,Ã€ Ã©viter,3.0,fr,La dÃ©co de l'accueil mais ensuite dans la villa 1 chambre vous est dÃ©Ã§ue Wifi correct,"Il est rare de mettre une note aussi salÃ© Ce qui devait Ãªtre un moment de relaxation et de repos c'est transformÃ© en calvaire... Check-in 40 min aprÃ¨s l'heure. PropretÃ© de la Villa en gÃ©nÃ©ral Ã  revoir Odeur nausÃ©abonde (Ã©gout) Mur sale, mobilier cassÃ© et moissie MatÃ©riel cassÃ© ( sÃ¨che cheveux) Champignons dans la salle de bain TÃ¢ches sur les draps Coffre fort bloquÃ© Toilettes Ã©coeurant Fauteuil, canapÃ© tachÃ© MatÃ©riel Ã  disposition qui ne fonctionne pas RÃ©activitÃ© trÃ¨s lente du personnel Loin des activitÃ©s seule moyen louÃ© un scooter hyper cher et le taxi encore plus Location scooter vestuste qui s'arrÃªte 1fois sur 10 Piscines trÃ¨s sales Ne correspond pas au photos du site Le prix est vraiment trÃ¨s cher pour la qualitÃ© de la prestation. Le comble on nous avertis que le mÃ©nage est fait tout les deux jours.... âš ï¸âš ï¸âš ï¸A Ã‰VITER âš ï¸âš ï¸âš ï¸âš ï¸ j'attends que Booking me contacte Photo Ã  l'appuie","title: Ã€ Ã©viter. liked: La dÃ©co de l'accueil mais ensuite dans la villa 1 chambre vous est dÃ©Ã§ue Wifi correct. disliked: Il est rare de mettre une note aussi salÃ© Ce qui devait Ãªtre un moment de relaxation et de repos c'est transformÃ© en calvaire... Check-in 40 min aprÃ¨s l'heure. PropretÃ© de la Villa en gÃ©nÃ©ral Ã  revoir Odeur nausÃ©abonde (Ã©gout) Mur sale, mobilier cassÃ© et moissie MatÃ©riel cassÃ© ( sÃ¨che cheveux) Champignons dans la salle de bain TÃ¢ches sur les draps Coffre fort bloquÃ© Toilettes Ã©coeurant Fauteuil, canapÃ© tachÃ© MatÃ©riel Ã  disposition qui ne fonctionne pas RÃ©activitÃ© trÃ¨s lente du personnel Loin des activitÃ©s seule moyen louÃ© un scooter hyper cher et le taxi encore plus Location scooter vestuste qui s'arrÃªte 1fois sur 10 Piscines trÃ¨s sales Ne correspond pas au photos du site Le prix est vraiment trÃ¨s cher pour la qualitÃ© de la prestation. Le comble on nous avertis que le mÃ©nage est fait tout les deux jours.... âš ï¸âš ï¸âš ï¸A Ã‰VITER âš ï¸âš ï¸âš ï¸âš ï¸ j'attends que Booking me contacte Photo Ã  l'appuie.",,2,0,
Jennifer,Germany,One Bedroom Private Pool Villa,2 nights,Couple,04-19-2023 00:00:00,Slow Living Luxury and Healthy Retreat,10.0,de,"Die Unterkunft - die Lage inmitten der Reisfelder, die Ruhe! Du bekommst eben â€Slow Living Retreatâ€œ und genau das brauchten wir !!! Daher warâ€™s fÃ¼r uns perfekt! ZusÃ¤tzlich wurden unsere ExtrawÃ¼nsche und unsere Gesundheitlichen Probleme (Bali Belly) soweit es mÃ¶glich war entsprechend gut unterstÃ¼tzt! Wir haben den Aufenthalt sehr genossen und hÃ¤tten uns gern noch mehr Zeit gewÃ¼nscht um Bali in dieser Gegend genieÃŸen zu kÃ¶nnen. Vielen Dank!",,"title: Slow Living Luxury and Healthy Retreat. liked: Die Unterkunft - die Lage inmitten der Reisfelder, die Ruhe! Du bekommst eben â€Slow Living Retreatâ€œ und genau das brauchten wir !!! Daher warâ€™s fÃ¼r uns perfekt! ZusÃ¤tzlich wurden unsere ExtrawÃ¼nsche und unsere Gesundheitlichen Probleme (Bali Belly) soweit es mÃ¶glich war entsprechend gut unterstÃ¼tzt! Wir haben den Aufenthalt sehr genossen und hÃ¤tten uns gern noch mehr Zeit gewÃ¼nscht um Bali in dieser Gegend genieÃŸen zu kÃ¶nnen. Vielen Dank!",,0,0,
Seongeun,South Korea,One Bedroom Private Pool Villa,2 nights,Solo traveller,02-19-2023 00:00:00,Disappointing,4.0,ko,ì§ì›ë“¤ì´ ì¹œì ˆí–ˆìœ¼ë©° ì‹œì„¤ì´ ì¢‹ì•˜ì–´ìš”.,"ìŒì‹ì´ ì‹¤ë§ìŠ¤ëŸ¬ì› ê³  ì˜ˆì•½í–ˆë˜ ì—‘í‹°ë¹„í‹°ëŠ” ì˜ˆì•½ì‹œê°„ì— ì¤€ë¹„ë˜ì§€ ì•Šì•˜ìŠµë‹ˆë‹¤. ë„ì‹¬ê°„ ì´ë™ì„œë¹„ìŠ¤ë¥¼ ì œê³µí•˜ì§€ ì•ŠìŠµë‹ˆë‹¤. ë„ì‹¬ê³¼ ê±°ë¦¬ê°€ ìˆì–´ì„œ ìš°ë¶“ ì‹œë‚´ë¡œ ë‚˜ê°€ë ¤ë©´ ê³ ì  ê·¸ë© íƒì‹œì„œë¹„ìŠ¤ë¥¼ í•´ì•¼í•˜ëŠ”ë° ì§€ì—­ì´ ë©€ì–´ì„œ ì‚¬ìš©í•  ìˆ˜ ì—†ìœ¼ë©° ë¡œì»¬íƒì‹œë¥¼ ì´ìš©í•´ì•¼ í•˜ê³  í•œë²ˆ ë‚˜ê°ˆë•Œ 180,000IDRì…ë‹ˆë‹¤. ë„ˆë¬´ ì˜ˆìœ ìˆ™ì†Œì´ì§€ë§Œ ì£¼ë³€ì— ì‹ë‹¹ ë§ˆíŠ¸ ë“± ì „í˜€ ì—†ì–´ì„œ ë¶ˆí¸í–ˆìŠµë‹ˆë‹¤ . ë‹¤ì‹œ ë°œë¦¬ì— ê°„ë‹¤ë©´ ì•„ë§ˆ ì°¾ì§€ ì•Šì„ ê²ƒ ê°™ì•„ìš”","title: Disappointing. liked: ì§ì›ë“¤ì´ ì¹œì ˆí–ˆìœ¼ë©° ì‹œì„¤ì´ ì¢‹ì•˜ì–´ìš”. disliked: ìŒì‹ì´ ì‹¤ë§ìŠ¤ëŸ¬ì› ê³  ì˜ˆì•½í–ˆë˜ ì—‘í‹°ë¹„í‹°ëŠ” ì˜ˆì•½ì‹œê°„ì— ì¤€ë¹„ë˜ì§€ ì•Šì•˜ìŠµë‹ˆë‹¤. ë„ì‹¬ê°„ ì´ë™ì„œë¹„ìŠ¤ë¥¼ ì œê³µí•˜ì§€ ì•ŠìŠµë‹ˆë‹¤. ë„ì‹¬ê³¼ ê±°ë¦¬ê°€ ìˆì–´ì„œ ìš°ë¶“ ì‹œë‚´ë¡œ ë‚˜ê°€ë ¤ë©´ ê³ ì  ê·¸ë© íƒì‹œì„œë¹„ìŠ¤ë¥¼ í•´ì•¼í•˜ëŠ”ë° ì§€ì—­ì´ ë©€ì–´ì„œ ì‚¬ìš©í•  ìˆ˜ ì—†ìœ¼ë©° ë¡œì»¬íƒì‹œë¥¼ ì´ìš©í•´ì•¼ í•˜ê³  í•œë²ˆ ë‚˜ê°ˆë•Œ 180,000IDRì…ë‹ˆë‹¤. ë„ˆë¬´ ì˜ˆìœ ìˆ™ì†Œì´ì§€ë§Œ ì£¼ë³€ì— ì‹ë‹¹ ë§ˆíŠ¸ ë“± ì „í˜€ ì—†ì–´ì„œ ë¶ˆí¸í–ˆìŠµë‹ˆë‹¤ . ë‹¤ì‹œ ë°œë¦¬ì— ê°„ë‹¤ë©´ ì•„ë§ˆ ì°¾ì§€ ì•Šì„ ê²ƒ ê°™ì•„ìš”.",,0,0,
Anna,Italy,One Bedroom Private Pool Villa,2 nights,Family,02-11-2023 00:00:00,Exceptional,10.0,it,Lo spazio dedicato ad ognuno degli appartamenti,Mancava il.phono,title: Exceptional. liked: Lo spazio dedicato ad ognuno degli appartamenti. disliked: Mancava il.phono.,,0,0,
Dean,Malaysia,One Bedroom Private Pool Villa,2 nights,Couple,03-01-2025 00:00:00,Very good,8.0,en,,,title: Very good.,title: Very good.,0,0,
Nikhil,India,Deluxe One Bedroom Private Pool Villa,2 nights,Couple,12-21-2024 00:00:00,Good,7.0,en,,,title: Good.,title: Good.,0,0,
Steven,Australia,Three Bedroom Private Pool Villa,3 nights,Family,09-25-2024 00:00:00,Very good,8.0,en,,,title: Very good.,title: Very good.,0,0,
Ardi,Indonesia,Three Bedroom Private Pool Villa,1 night,Group,05-14-2024 00:00:00,Very good,8.0,en,,,title: Very good.,title: Very good.,0,0,
Jake,Singapore,Deluxe One Bedroom Private Pool Villa,4 nights,Couple,05-13-2024 00:00:00,Good,7.0,en,,,title: Good.,title: Good.,0,0,
Putu,Indonesia,Two Bedroom Private Pool Villa,1 night,Family,01-09-2024 00:00:00,Superb,9.0,en-us,,,title: Superb.,title: Superb.,0,0,
Gusti,Indonesia,Three Bedroom Private Pool Villa,2 nights,Group,01-01-2024 00:00:00,Pleasant,6.0,en-us,,,title: Pleasant.,title: Pleasant.,0,0,
Marmer,Indonesia,Three Bedroom Private Pool Villa,1 night,Family,12-26-2023 00:00:00,Superb,9.0,en-us,,,title: Superb.,title: Superb.,0,0,
Alldy,New Zealand,Two Bedroom Private Pool Villa,3 nights,Group,10-07-2023 00:00:00,Superb,9.0,en,,,title: Superb.,title: Superb.,0,0,
Muhd,Malaysia,Three Bedroom Private Pool Villa,2 nights,Group,09-11-2023 00:00:00,Superb,9.0,en,,,title: Superb.,title: Superb.,0,0,
Ahmad,Saudi Arabia,Two Bedroom Private Pool Villa,4 nights,Family,07-26-2023 00:00:00,Very good,8.0,en,,,title: Very good.,title: Very good.,0,0,
Johannes,Germany,Two Bedroom Private Pool Villa,1 night,Family,06-18-2023 00:00:00,Very good,8.0,en,,,title: Very good.,title: Very good.,0,0,
Agus,Indonesia,Two Bedroom Private Pool Villa,2 nights,Family,06-05-2023 00:00:00,Very good,8.0,en-us,,,title: Very good.,title: Very good.,0,0,
Patel,India,One Bedroom Private Pool Villa,3 nights,Couple,02-15-2023 00:00:00,Superb,9.0,en,,,title: Superb.,title: Superb.,0,0,
Khaled,Saudi Arabia,Deluxe One Bedroom Private Pool Villa,2 nights,Couple,06-07-2025 00:00:00,Exceptional,10.0,en-us,,,title: Exceptional.,title: Exceptional.,0,0,
Lu,Malaysia,Two Bedroom Private Pool Villa,3 nights,Family,10-10-2024 00:00:00,Bad,1.0,en,,,title: Bad.,title: Bad.,0,0,
Respito,Indonesia,One Bedroom Private Pool Villa,1 night,Couple,02-05-2024 00:00:00,Exceptional,10.0,en-us,,,title: Exceptional.,title: Exceptional.,0,0,
Mirah,Indonesia,One Bedroom Private Pool Villa,1 night,Family,02-01-2024 00:00:00,Exceptional,10.0,en-us,,,title: Exceptional.,title: Exceptional.,0,0,
Fatmanur,Australia,One Bedroom Private Pool Villa,3 nights,Couple,01-02-2024 00:00:00,Passable,5.0,en,,,title: Passable.,title: Passable.,0,0,
Robbi,India,Deluxe One Bedroom Private Pool Villa,5 nights,Couple,11-23-2023 00:00:00,Exceptional,10.0,en,,,title: Exceptional.,title: Exceptional.,0,0,
April,Australia,Two Bedroom Private Pool Villa,4 nights,Family,09-13-2023 00:00:00,Exceptional,10.0,en,,,title: Exceptional.,title: Exceptional.,0,0,
Codie,Australia,Two Bedroom Private Pool Villa,3 nights,Group,08-22-2023 00:00:00,Exceptional,10.0,en,,,title: Exceptional.,title: Exceptional.,0,0,
Praveen,India,Three Bedroom Private Pool Villa,1 night,Group,07-30-2023 00:00:00,Exceptional,10.0,en,,,title: Exceptional.,title: Exceptional.,0,0,
Praveen,India,Three Bedroom Private Pool Villa,3 nights,Couple,07-24-2023 00:00:00,Exceptional,10.0,en,,,title: Exceptional.,title: Exceptional.,0,0,
Wira,Indonesia,Three Bedroom Private Pool Villa,1 night,Group,06-04-2023 00:00:00,Exceptional,10.0,en,,,title: Exceptional.,title: Exceptional.,0,0,
Rajpal,Australia,Three Bedroom Private Pool Villa,3 nights,Family,04-22-2023 00:00:00,Exceptional,10.0,en,,,title: Exceptional.,title: Exceptional.,0,0,
Aphisit,Australia,Three Bedroom Private Pool Villa,3 nights,Family,04-05-2023 00:00:00,Exceptional,10.0,en,,,title: Exceptional.,title: Exceptional.,0,0,
Benjamin,United States,Two Bedroom Private Pool Villa,1 night,Couple,03-15-2023 00:00:00,Exceptional,10.0,en-us,,,title: Exceptional.,title: Exceptional.,0,0,
Pierre,France,Three Bedroom Private Pool Villa,6 nights,Group,09-07-2025 00:00:00,Very good,8.0,fr,,,title: Very good.,,0,0,
Hung,Taiwan,Three Bedroom Private Pool Villa,1 night,Group,02-08-2024 00:00:00,Good,7.0,zh-tw,,,title: Good.,,0,0,
Joana,Portugal,One Bedroom Private Pool Villa,2 nights,Couple,11-20-2023 00:00:00,Superb,9.0,pt,,,title: Superb.,,0,0,
Zohair,France,Deluxe One Bedroom Private Pool Villa,2 nights,Couple,10-01-2023 00:00:00,Very good,8.0,fr,,,title: Very good.,,0,0,
Bley,France,Deluxe One Bedroom Private Pool Villa,4 nights,Couple,09-17-2023 00:00:00,Superb,9.0,fr,,,title: Superb.,,0,0,
Made,Indonesia,Two Bedroom Private Pool Villa,1 night,Group,09-04-2023 00:00:00,Suasana Sangat Tenang dan udara sangatlah sejuk staf yg ramah dan penuh dengan senyuman,8.0,id,,,title: Suasana Sangat Tenang dan udara sangatlah sejuk staf yg ramah dan penuh dengan senyuman.,,0,0,
Elisse,Indonesia,Three Bedroom Private Pool Villa,1 night,Family,08-03-2023 00:00:00,Good,7.0,id,,,title: Good.,,0,0,
Surapong,Thailand,Three Bedroom Private Pool Villa,2 nights,Group,07-28-2023 00:00:00,Superb,9.0,de,,,title: Superb.,,0,0,
Hajar,Netherlands,One Bedroom Private Pool Villa,6 nights,Couple,03-17-2023 00:00:00,Very good,8.0,nl,,,title: Very good.,,0,0,
BalÃ¡zs,Hungary,Two Bedroom Private Pool Villa,2 nights,Group,03-13-2023 00:00:00,Good,7.0,hu,,,title: Good.,,0,0,
Rani,Indonesia,Two Bedroom Private Pool Villa,2 nights,Family,02-09-2023 00:00:00,Very good,8.0,id,,,title: Very good.,,0,0,
Hussain,Saudi Arabia,Deluxe One Bedroom Private Pool Villa,5 nights,Couple,12-04-2025 00:00:00,Bad,1.0,ar,,,title: Bad.,,0,0,
Ù…Ø­Ù…Ø¯,Saudi Arabia,Deluxe One Bedroom Private Pool Villa,1 night,Couple,08-08-2025 00:00:00,Exceptional,10.0,ar,,,title: Exceptional.,,0,0,
Abdulkhaliq,Saudi Arabia,Deluxe One Bedroom Private Pool Villa,3 nights,Couple,05-28-2025 00:00:00,Exceptional,10.0,ar,,,title: Exceptional.,,0,0,
Ali,Saudi Arabia,Two Bedroom Private Pool Villa,3 nights,Family,07-30-2024 00:00:00,Disappointing,4.0,ar,,,title: Disappointing.,,0,0,
Hassan,United Arab Emirates,Deluxe One Bedroom Private Pool Villa,3 nights,Couple,07-08-2024 00:00:00,Exceptional,10.0,ar,,,title: Exceptional.,,0,0,
Ka,Malaysia,Three Bedroom Private Pool Villa,5 nights,Group,04-06-2024 00:00:00,Exceptional,10.0,zh,,,title: Exceptional.,,0,0,
Laurine,France,Three Bedroom Private Pool Villa,2 nights,Group,09-19-2023 00:00:00,Exceptional,10.0,fr,,,title: Exceptional.,,0,0,
