review_id,author,rating,review_date,raw_date,likes,profile_url,profile_picture,user_images,text_en,text_ru,owner_response_en,created_date,last_modified,is_deleted
Ci9DQUlRQUNvZENodHljRjlvT25BMVlrMVFRbFJrTTB4cVMxSnBXV2RUUXpOS05FRRAB,Bangie Poper,0.0,2025-12-12T08:50:41+00:00,"5 bulan lalu di
Google",0,https://www.google.com/maps/contrib/106370327781349202584/reviews?hl=id,https://lh3.googleusercontent.com/a-/ALV-UjVXBq2YPZA1RcRlIX2XLoJ86GDYsbxdBzUuwbd6-XukHtCSC5I=w36-h36-p-rp-mo-ba5-br100,,There is nothing smart in not having any ventilation in the room apart from the window which doesn't have a mosquito net.,,"Dear Mr. Rona 
Thank you for your review, however after checking the list of guest  we could not find your name as our guest and I remember that at onr sunday afternoon there is somebody who.come and have a quick view of our room. Of, ypu havr not stay with us  why are judging only based on a couple of minutes visit.
FyI, there is no need of mosquito nrt as the weatjer is cold and almost no mostquito. In 5 years we operate, there is no report of our guests being disturb by mosquito whether at night ot in the morning. It is a mountain side with 14 degree celcius. 
As for ventilation, at the bathroom  there is exhaust and at the room there is windows and you do not need to open the window at night as temperature will drop sometimes to 11 celcius degree, there is enough ventilation yo breatj from the door. 
Thatnis why, we suggest you to try to stay first before you give a review so that ypu could give a good guidance to others and not only based on a few minute visit. 
Thank you
CsS management",2026-05-11T08:50:41.577743+00:00,2026-05-11T08:50:41.577743+00:00,0
ChZDSUhNMG9nS0VJQ0FnTURvdDhIUWVnEAE,206felix,0.0,2024-05-11T08:50:40+00:00,"2 tahun lalu di
Tripadvisor",0,https://www.tripadvisor.de/ShowUserReviews-g14918109-d25214135-r911819141?m=68573&staydates=2026_05_11_2026_05_12&uguests=1_2_0&supdv=desktop&supuc=ID&supul=id,https://lh3.googleusercontent.com/local-reviews/AJMZ0QeWB0GIG9gGd6g9zDFXwjE9TRuKRtAO6HvwA5jEdK_CrOJXcVxp8esjQRYTFMjay2JK=w36-h36-p-rp-br100,,"Cooles Konzept. Man schläft in Schiffscontainern. Alles war sehr sauber und gepflegt. Definitiv eine Wohlfühloase. Auch warmes Wasser gibt es hier. |Tagsüber heizen sich die Container durch die Sonne auf und abends nachts kühlen diese sehr stark aus. Nachts kann er bis auf 10 Grad abkühlen. Tagsüber hat es zwischen 20 und 25 Grad. Sobald die Sonne weg ist, wird es im Norden sehr frisch! Warme Kleidung ist sehr zu empfehlen. |Das Personal war sehr hilfsbereit. Dennoch gab es mit Englisch schwierig. Übersetzungsapp sehr zu empfehlen.|Es ist ein sehr schöne und wenig touristische Region Balis. Ohne Roller ist man dort etwas verloren. Diese können auch in der Unterkunft für 150 k pro Tag gemietet werden.|In dieser Region kann man einiges unternehmen. Lohnt sich!",,,2026-05-11T08:50:40.855332+00:00,2026-05-11T08:50:40.855332+00:00,0
ChdDSUhNMG9nS0VJQ0FnSURyMjVLMmpnRRAB,Alex Fortanier,0.0,2025-05-11T08:50:39+00:00,"setahun lalu di
Google",0,https://www.google.com/maps/contrib/105999389697785291089/reviews?hl=id,https://lh3.googleusercontent.com/a-/ALV-UjXdo_PkFsQT453Js1-MNA7GFQfSfa5sg52ZG5BR6lXoiQfTdCtkZQ=w36-h36-p-rp-mo-ba3-br100,https://lh3.googleusercontent.com/grass-cs/ANxoTn2XNWkkkE-9kgDpbv9R_vVcvJiBXRfafbEMqTg_SVcGHOKEdKqDVt2_XanScNdsegJalXp1sR_3EzKi1XIMFWw_3crejmTzyxJSGUh-laQP4lzo4Bgjy2iPH80hisoDjGHo6P_q=w300-h225-p-k-no;https://lh3.googleusercontent.com/grass-cs/ANxoTn3r8DEdR_oq1ZI2sb9pUZxceTcZRYZMAraMWt5VmEkBcDpVOMdlQZQ9cvFmKJFvEhq5A2T1fTqGLON0rAvb46jKmZd1EmNbYhJwso49Z1YchHZaB1fIBUKFYPFfP8TWveMpPlOygQ=w300-h225-p-k-no;https://lh3.googleusercontent.com/grass-cs/ANxoTn0-yU6dAkYRSOfUp98Ywxdy67Scu-SDSC_o91esFW_Blm-HdD5ShCPI2iUwHDITs9HUIBbk81EzAwYKIIKPRc-pxBrLWgScy5NXIUvpLVDKZ9p5iTaIFNYGxninCdpule-6kuc=w300-h225-p-k-no;https://lh3.googleusercontent.com/grass-cs/ANxoTn17HCJv8cPQJ0npl5EWUESAft4wKRAduwb-dvHZnzlMxFa6dJEclD1_wZ2LJJAbmsVqeKaR9bl1ONB4ml5O4YkKyGPTIEo35yYixVWQzEvMw8Tpx-TWDGgWhE2T4LzCNjLAQiuwtw=w300-h225-p-k-no,"Our family had a great stay at Container Smart Stay (CSS) in Bedugul! The concept of staying in converted shipping containers really fascinated and excited our kids. To be honest, it exceeded our expectations in every way.

The containers were spotlessly clean and incredibly comfortable, with great high-pressure showers and plenty of hot water. The view overlooking the lake in the distance was simply breathtaking.

The staff were all incredibly friendly and accommodating. They helped us hire scooters for the day so we could explore the nearby Bali Farm and go strawberry picking - both highly recommended activities.

The complimentary tea, coffee, hot chocolate, juice and water were a thoughtful and much-appreciated touch that we enjoyed throughout our stay.

If you're looking for budget-friendly yet comfortable accommodation in Bedugul , look no further than CSS. We can't wait to come back again soon!",,"Dear Alex,
Thank ypu for your review and qe are glad that ypu had an enjoyable stay at our container. We truly wish every guests could have a good experience and next time coming, please try our BBQ and Bonfire during the night. Just bring the food materials the rest like the coal, the grill we will prepare it for free. 
Looking forward to welcome you back soon.
Regards
CsS management",2026-05-11T08:50:40.217009+00:00,2026-05-11T08:50:40.217009+00:00,0
ChdDSUhNMG9nS0VJQ0FnTUNJcDh6eGh3RRAB,Simon Jurkschat,0.0,2025-05-11T08:50:38+00:00,"setahun lalu di
Google",0,https://www.google.com/maps/contrib/103349022224014624437/reviews?hl=id,https://lh3.googleusercontent.com/a-/ALV-UjXiu9U9m4K8XOWo1sm0JstB9_8rSK9uLHZSjQp2D6Q8QFIkmB7E=w36-h36-p-rp-mo-ba3-br100,https://lh3.googleusercontent.com/grass-cs/ANxoTn3O9CjqMLx_yXJlGaP9V1YM8qVtN3Hkg58cW4-Ja9xxKL0iw6RDYJ0tmUcYsvmU5YX59lqJ6QD6224cV2gT3CqshKHMLcQ6YUKSfeDri8qxSsxNd2UtJvcx9MGpdMwBz0y5oqmn=w600-h450-p-k-no,"+Sehr sehr nettes Personal
+Tolle Hotelidee
-Leider war die bauliche Umsetzung der Container nicht so doll...(Duschen, Holz, Bodenbeläge, kalte Led Beleuchtung...)
-Abends war es aufgrund eines Feuers in der  Nachbarschaft leider etwas verqualmt

Für die Nacht sollte ein warmer Pyjama mitgebracht werden.",,"Dear Mr  Jukschat,
Thank you for your regiew. And glad if you find the staff and some of the hotel things are useful. As for thr sttucture, we do understand that is is more to personal preferences. 
Hope you will have a good holiday.
Regards
CsS management",2026-05-11T08:50:39.133262+00:00,2026-05-11T08:50:39.133262+00:00,0
ChZDSUhNMG9nS0VJQ0FnSUREd3FqckZREAE,Jane,0.0,2024-05-11T08:50:37+00:00,"2 tahun lalu di
Google",0,https://www.google.com/maps/contrib/101421670831979524237/reviews?hl=id,https://lh3.googleusercontent.com/a-/ALV-UjXEMem1nHDeMANo4mSNZ_FDJTfnZSV1qPBOBXGGb8XI04ZD_jqV=w36-h36-p-rp-mo-ba5-br100,https://lh3.googleusercontent.com/grass-cs/ANxoTn2B9l85zQTeMFwIvtWnPtHcpJgDFaXXIp6Cid9xi4SEr64uKKyKe8LqmrLFb5Hz8P_LpahUUB4HUhmVkCL2efzxF8zzSNkJrJ3VD9XTVOpB4STCWTHBeiEgY5pjgN9-v9tWEbtB9w=w300-h225-p-k-no;https://lh3.googleusercontent.com/grass-cs/ANxoTn0m4G1LIcxOPLI08MeLBskDQ8ae_i_ZN_oigxGBLFQ2-XVQZZLsFsvkuMcGnt1WNjK6Zo-pqwPOs0682paJvbq33-mnWLTdlqGckxYj8112HD4PvLVYce0FvrrSPrJPR3ZcCONR=w300-h225-p-k-no;https://lh3.googleusercontent.com/grass-cs/ANxoTn11BEdZGnvB-cpnAJdza656ZqsBAjIN4SdwdC68gD1uSLjSOdBF625N01a1kKJsZTbLPyBHrsyj_D-A6Jae1xRaXxER3x7EsX2cOSkuQxCP0b1ZBWDxLG8EW8LbjXMVkiSMHDhybA=w300-h225-p-k-no;https://lh3.googleusercontent.com/grass-cs/ANxoTn2-EgS7_Vv6XHKjW6sXPf0w4WZRcmgKtNRv00v8BtAoMKliy70CVQF5dLqLDqJqpAKBuRUtskOlX3HrFktK3Nr0koRhTD2pHG5DvuLDmPtTD_ZFHXSRCX6rpSuj3ELMWFAjtWI8=w300-h225-p-k-no,,"Приятное и необычное место. Персонал очень вежливый, очень старается для гостей.
Мы были тут вчетвером, заселялись по факту, отель был пустой, так и не было больше гостей.
Приятный вид на озеро есть только из одного контейнера. Еще из парочки есть боковой вид.
Сами контейнеры приятные и ухоженные. Приятное белье, светлые комнатки. Да, в ванной влажный пол всё время, но это бюджетное жилье и относиться надо к нему проще.
Нам было вполне тепло, днём было солнце и было даже жарко.
Есть общая зона на улице и под навесом, мы там работали. Есть настольные игры.
Короче, отличное место на несколько дней, если планируете ездить по окрестностям. Здесь приятно спать, есть интернет, есть горячая вода и приятный персонал. Рекомендую для не сильно требовательных гостей👍🏻","Dear Sir/Madam,
Thank you for the review and we are glad that your experience with us is good  thank you for the feedback and trust we are thonking how to solve the wet floor at the bathroom. 
Regards
CsS Management",2026-05-11T08:50:38.023380+00:00,2026-05-11T08:50:38.023380+00:00,0
ChZDSUhNMG9nS0VJQ0FnSUNQMmF2Tk9BEAE,Aisha Nima,0.0,2025-05-11T08:50:36+00:00,"setahun lalu di
Google",0,https://www.google.com/maps/contrib/102828209844136703624/reviews?hl=id,https://lh3.googleusercontent.com/a-/ALV-UjUFZ_tn0Z8VGu03_RzR1I1vcDRUSOLb61PGfxVjqXZKvO06TJuv=w36-h36-p-rp-mo-ba3-br100,https://lh3.googleusercontent.com/grass-cs/ANxoTn3Z9ViWDaQSllwpffgdbUMj1p9MK64LBAwjt_t5RKAY44VVyxcJW3ra3bl2AF5EcwxONG09d0wtNH0TD7jHvtUwiBb8dI3bD_63wjlfylTK9_7zsN6OsjyB5kjgAkVd7SS-pYNptw=w300-h225-p-k-no;https://lh3.googleusercontent.com/grass-cs/ANxoTn0jKBj9_qt_NNLvkxdr2fLbhksN7xdklfQvlwX3knl9ZUj5N3aCFoIhw5kr5Cq-Xr-Gpz0xzXsLG9IHCQy993keSab_EDuhjeCuSPPni6Wxsua0x1CAEwTDI_h8kncQf5UjD7Jk=w300-h225-p-k-no;https://lh3.googleusercontent.com/grass-cs/ANxoTn2rz1nn5BOX1Ie-MOXclD04P7a2E0vgG95b7M47R8iBQso9U4yYdQ32cdh5IG7bie4kWnkyvzddq1lAG_fREdzXNlHRSySCgOGOK9mckac7mG0Tm29fUzQ210Fmuv603CPCzxDxuw=w300-h225-p-k-no;https://lh3.googleusercontent.com/grass-cs/ANxoTn20lf_HGiPndbkhaMkGsIHhJSnFjm3GtmiR8r3eiiT15KhF61ldvveQ-D8L_PhOaSbFXPy36tr_dV9AWsU-45pa9uuI7UsBXzLOxzXXLzKeOUGBYcAmBR9r6HqQGcok_6qeNXOS=w300-h225-p-k-no,"My family and I stayed at CsS for 3 nights, and honestly, it became one of my core memories. The weather was freezing at night, but in the morning, we were welcomed by the warmth of the sun while enjoying complimentary hot chocolate (there were other drinks like coffee, milk, ginger tea, etc.). In the morning, you could see the beautiful view of hills and a lake right in front of the hotel, and at night, they provided free BBQ equipment. The owner and staff were also very friendly! Thank you for your hospitality CsS Team🤩🙏🏻✨",,"Dear Aisha, 
Glad to hear that you enjoyed your stay. We are looking forward to welcome you again. 
Regards
CsS management",2026-05-11T08:50:36.986248+00:00,2026-05-11T08:50:36.986248+00:00,0
ChZDSUhNMG9nS0VJQ0FnSUNfaV9IMFl3EAE,Елизавета Силкан,0.0,2025-05-11T08:50:35+00:00,"setahun lalu di
Google",0,https://www.google.com/maps/contrib/104282744598556575381/reviews?hl=id,https://lh3.googleusercontent.com/a-/ALV-UjVT7F5ehJtrmFU7KCe043eyRxMQRA8HVRc4Xj-I1oaW23Csa7qZ=w36-h36-p-rp-mo-br100,https://lh3.googleusercontent.com/grass-cs/ANxoTn0qkBV_wF8vtxuk3KfiTVZtIHJuIo-UK1F65oCETroV1pSCCLLa2mJ2r1UaMgbddLCZUvuQ7kmNOzUpjRW95vOxfgmh0sKxarWc13HHMKWMu7Akiq8TJCLjFVQtu59lC-8mx9EalQ=w300-h225-p-k-no;https://lh3.googleusercontent.com/grass-cs/ANxoTn1IEJlxbPos2PXyZrLs8P3rKLZG4r3Ccxj5huUsokDTJMeokdQJdp0ASCtdyXATzVF9uiEt6VkzQoiwezfJdV6xWcJlS6lSwh01ZmJUkUjcG-T4-mfCCi3zIBPwcljTn76sqJMI=w300-h225-p-k-no;https://lh3.googleusercontent.com/grass-cs/ANxoTn2RGk57hz09dse3NltHAYKC6_Cpab2ymsJfY8eWWQfJ_mhGBkvSLvUTMKq1YCu9Skya4ImfHZwp8FVgEJ3v0kBFgdh-n_wBPd2JGDJVrz7_zqc_g9_0MEv-fVPiiqscp6G5jdI3MQ=w300-h225-p-k-no;https://lh3.googleusercontent.com/grass-cs/ANxoTn008DgLrc18ixFq5hiLSrVDO0fQnqkaPbo1kzHlgwGWspuN2ZEC6iCZY5vFnx1Pt9UaXDf1_gLNCQq6qLkwYCibvqM171XqnZq9HBS2rgCHTebDWu0_W-HLVUtzj_uNbnOgS6jT=w300-h225-p-k-no,,"Хорошее место для отдыха, мы приехали всего на одну ночь.
Из плюсов для меня что очень чисто и нет плесени в отличии от других мест.
Персонал просто супер, очень дружелюбный , встретили нас с зонтиком (был дождь) всегда были на связи.
Бесплатный чай, кофе, можно в номер еду заказать
Фиолетовый домик чуть дороже, но с красивым видом на озеро и горы, выбрали его 🥰
Хорошая дорога и есть парковка, территория очень красивая, чистая ухоженная","Dear Sir/ Madam, 
Thank you for your review and we are happy that you find you stay is enjoyable. Lppkinh forward to welcome you again 
Regards
CsS management",2026-05-11T08:50:36.006353+00:00,2026-05-11T08:50:36.006353+00:00,0
ChdDSUhNMG9nS0VJQ0FnTUNZNnRYa3JnRRAB,Q Y,0.0,2025-05-11T08:50:34+00:00,"setahun lalu di
Google",0,https://www.google.com/maps/contrib/103678378961577084097/reviews?hl=id,https://lh3.googleusercontent.com/a/ACg8ocJ49utfbYR7x_3tgmhBOTwPBEI0I4MXQQrQA6hnqlg-_bEYq8k=w36-h36-p-rp-mo-ba2-br100,,"I stayed in 4 accoms in bali and this is the only one that provided hair dryer! Really appreciate it as my hair has been super fringy after days of not blowing it :')

Main complain is the position of the charging port and the bed is quite far apart, so i cannot charge phone and use it in bed. But already reflected this to the owner, so maybe wont have this issue next time.

Also since the room is container room, the wall is quite thin, so can hear the sound outside quite clearly.",,"Dear QY,
Thank you for the review and glad to hear you have a good stay. 
As for the elctricity plug location, unfortunately  we cpuld not place it near the bed as our room is made contaoner and the steel material does not fit and dangerous for electricity. That is why we place it at the table under the television. We apologies if this made your inconvenient. 
Anyway, once again thank you for the review and looking forward to welcome you again.
Regards
CsS management",2026-05-11T08:50:35.128664+00:00,2026-05-11T08:50:35.128664+00:00,0
Ci9DQUlRQUNvZENodHljRjlvT2xSSVJrOTBjVVZ4ZW14VU9XOTBZekpZYlZScE9FRRAB,"Our van life, A peace of Ireland",0.0,2025-09-13T08:50:33+00:00,"8 bulan lalu di
Google",0,https://www.google.com/maps/contrib/118104988693587244928/reviews?hl=id,https://lh3.googleusercontent.com/a-/ALV-UjUZK5XnVtd27VQHG9ZhddQ-VZHriGve8oRYH0pSuPuH77A8IcDR3g=w36-h36-p-rp-mo-ba3-br100,,The rooms are value for money. The hospitality is priceless. My wife and I enjoyed our stay and would come back again.,,"Dear Amanda,
Thank you for your review and glad to know that ypu rnjoy the stay. Ptomise to let me lnow if you already un Yogya, I will update ypu of what ypu would love to see 
Looking forward also for your return if you have chance. 
Regards
CsS management",2026-05-11T08:50:34.151419+00:00,2026-05-11T08:50:34.151419+00:00,0
ChZDSUhNMG9nS0VJQ0FnSURma0tUcERREAE,yulia grasshia,0.0,2025-05-11T08:50:32+00:00,"setahun lalu di
Google",0,https://www.google.com/maps/contrib/107916095782482062267/reviews?hl=id,https://lh3.googleusercontent.com/a-/ALV-UjU5NJw7qsWgnHidvtBvd1aGP4guAin6epxVBt8TdbAnDYwZLsscTA=w36-h36-p-rp-mo-ba4-br100,https://lh3.googleusercontent.com/grass-cs/ANxoTn0QRaMNTFyvLEzpeO61NGSYO_pjxwxwG93ASMRVbanjisLzws3cclQX414z4dbjvGlLZdzup5PBqJtZXoBBykz5ZYiOWqjE6tUKjKyeuDvIxLD2YvRlwyIbwlb1rPd9InWZ9aVuXg=w300-h450-p-k-no;https://lh3.googleusercontent.com/grass-cs/ANxoTn0PZR9pPHC-TM1E6JnUD0_1WQ0QmCeb1OJm-SmYY4WQSYGgIpKSGQ9g8FP0L216suNoRKcX5LxkN5B2tDA727L9oEoLMqsEeU1BQWoJ1GIvmH_gm9SxofdrJrKFSukQ7Bnycm86=w300-h450-p-k-no,"Great Stay at the Container Smart Stay🥰

I had a wonderful experience staying at the container Smart Stay. The concept is simple and innovative, offering everything you need in a compact and efficient space. The room was clean, comfortable, and well-organized, making the most out of the limited space. The staff was friendly and attentive, ensuring a pleasant stay. It's a great option for those looking for a budget-friendly and unique place to stay. Highly recommend it for anyone who appreciates simplicity and practicality!",,"Dear Yulia, 
Thank you for your review and glad tp hear that you are happy with your stay. Looking forward to welcome ypu back in the future. 
Regards
CsS management",2026-05-11T08:50:33.263418+00:00,2026-05-11T08:50:33.263418+00:00,0
Ci9DQUlRQUNvZENodHljRjlvT2xoS2VETjJSRmhPTURZNGQxRjBhbW96U2toaVdtYxAB,Психолог Елизавета Панёвина,0.0,2025-07-15T08:50:29+00:00,"10 bulan lalu di
Google",0,https://www.google.com/maps/contrib/114904625729251807244/reviews?hl=id,https://lh3.googleusercontent.com/a-/ALV-UjV8u5GZheVYxMqlZUFqPSLqVAmsiAn7efNW_Ois7mCjqv1Ija-q=w36-h36-p-rp-mo-ba5-br100,https://lh3.googleusercontent.com/grass-cs/ANxoTn047uUDlP8QU74K7VyQ3ge0rMHtJjuFcdRK0bvNa3ibgCBV72NjhMu5z8CaoxWRiVxB7tie8W89SojhsoOQwz7xvt-MlQd0JxPKo_C9m71CfhiV1MvzWa-kY_21Hhi_UOUxRGLibcqM0i0G=w300-h225-p-k-no;https://lh3.googleusercontent.com/grass-cs/ANxoTn2haTJ9_gV8FgqdEFQie_6K0aGifArwelfA0o-NkNboe2M8w9c3MEgxGHb1RoewuegXKkLOTMIJkor2k8jvMfS_-GsMhAFp6n5EmoKzSzVSjKpvzA2v4CN5WMUQthL-v7jU3xz829zoubX6=w300-h225-p-k-no;https://lh3.googleusercontent.com/grass-cs/ANxoTn3VQxU2f7qFfBcQI6CMUVoRbOpsFwuyhmWiKngWOYovt7zSFbiqHbN0VlzvPNlhaY6o2NcqU6Fw1UnfeFZ1VnCDRVFKKqj0VsseH6LFTGcIZn2n6qNqKFfOhoJr5pARdHY4fhUFpFP-fp1k=w300-h225-p-k-no;https://lh3.googleusercontent.com/grass-cs/ANxoTn0ZgnuVBP-vsNzakim0c0T-cSMbZShNxH7LIUR8LHqxNkJ18ktEur8Twmsnt71zb8yHDf-3CNMp6jpjNFA1BLZvN29QFOjyFiIrP9M_gSaw4xESlo56gWNbvkH1jLJDnHrzp1t1u9cFre8=w300-h225-p-k-no,,"Классное место. Ребята молодцы, сделали все стильно и со вкусом. Чисто. Администратор очень приятный.

В комнате аккуратно, постельное белье чистое. Внутри стены покрашены в белый, от этого создаётся странное ощущение: ты внутри контейнера и при этом как дома. Но в некоторых местах краска потемнела как будто от плесени. Телевизор очень маленький, да он и не особо нужен. Хотя было прикольно посмотреть местные каналы.

Кондиционера, который заявлен при бронировании, нет. Фена тоже.

Мы останавливались на одну ночь. Шёл дождь, солнца не было весь день, и мне показалось холодно в номере. Мужу норм.

В общем и целом, любопытный опыт. Присоединились к мировому тренду, так сказать.","Dear Madam,
Thank you very much for your review. May we know at which room you stay, so we could check and repaont again as we are in the process of paintingvallbagain.
As for hair dryer, yes we do have, you just need to request it upon check in or at the reception. Apologies, if there is a miss in informing about the hair dryer. 
And for the AC, we do not provide it since the temperature during the day is 19 till 20 degree and at night 11 till 16 degree. It is pretty cold already. 
However, hope the experience offers you a nice and happy feeling. 
Thank you
CsS management",2026-05-11T08:50:29.895666+00:00,2026-05-11T08:50:29.895666+00:00,0
Ci9DQUlRQUNvZENodHljRjlvT2tnNE9YZDJVamhVUjJ4c1lsVnhZV1poY25KMVVVRRAB,Fry,0.0,2025-07-15T08:50:28+00:00,"10 bulan lalu di
Google",0,https://www.google.com/maps/contrib/117618259421686847352/reviews?hl=id,https://lh3.googleusercontent.com/a-/ALV-UjUL4wHj0toxoPa9vevyklYeLAobaF1t0J0E0YHf_iaWcE2_y2SQ=w36-h36-p-rp-mo-ba4-br100,,"Ari welcomed me like a king. He is so nice and giving 🙏🏻 Thank you so much for the nice stay.

There's free water, tea, coffee and you even get some snacks sometimes. I had some issues with the hot water and Ari found the best solution. The window in the purple room moves with the wind and that makes noise but you can use a stick to make it hold. Overall the place is beautiful and peaceful, it's not in the centre so you need a car or bike. The beds are very comfy and having 4 pillows is wow! I slept very well, no noise outside. Thank you",,"Hi Fru,
Thank you for the review and glad to know that you have a nice stay and enjoy it. Apologies for the heater problem but we try to manage it as soon as possible. If you have more time in the futire, looking forward to welcome you again 
Regards
CsS management",2026-05-11T08:50:28.944492+00:00,2026-05-11T08:50:28.944492+00:00,0
Ci9DQUlRQUNvZENodHljRjlvT2kxaE5YcE1ZbWhmVVZKWFkzZEVSVXRzYkRoc1FXYxAB,Vin G. Theodore,0.0,2025-10-13T08:50:27+00:00,"7 bulan lalu di
Google",0,https://www.google.com/maps/contrib/101948634593290052038/reviews?hl=id,https://lh3.googleusercontent.com/a-/ALV-UjWUP5GQoRalsfeXQWiYkAcDYOmvQ-XiA1QdtID45mn_hHO5QZ6NRg=w36-h36-p-rp-mo-br100,,"Room : Super! Its clean. Our room & all area. We loves sitting at lobby with Kadek.
Service : Owner communicative. Staff Kadek is very friendly and helpful.
Location : Good area. Quiet & not so far from lake.

We loves our stay. Thank you.",,"Dear Mr. Theodore,
Greetings from CsS! 
Thank you for ypur review and glad to know that you have a nice stay. 
Hope yo be able to serve you again in the future. Just let us knoq if you come again  there is a special treatment for our returning guest
Thank you and looking forward to welcome you again 
Regards
CsS management",2026-05-11T08:50:28.035147+00:00,2026-05-11T08:50:28.035147+00:00,0
ChZDSUhNMG9nS0VJQ0FnSUNfeFl2NVBnEAE,Trip.com Member,0.0,2025-05-11T08:50:26+00:00,"setahun lalu di
Trip.com",0,https://www.trip.com/hotels/detail?hotelid=93588503&Allianceid=810504&Sid=1394411&utm_medium=cpc&utm_campaign=HPA&utm_source=google#review,https://lh3.googleusercontent.com/local-reviews/AJMZ0QeCck1CfANpZm9bBk3PHtP97Kh9k25HZfvq9yAWlN3BaIyjSHUPEfWkhAJmuYiJsH-_6g=w36-h36-p-rp-br100,,Very nice place to stay. Room and bathroom are super clean. and the staff is so friendly and kind. Recommended!!,,,2026-05-11T08:50:26.989247+00:00,2026-05-11T08:50:26.989247+00:00,0
Ci9DQUlRQUNvZENodHljRjlvT20xWFJscFdNM2hNUlhFMVNUSTJSVVJWTlRSWWNFRRAB,EL Agatha,0.0,2026-01-11T08:50:26+00:00,"4 bulan lalu di
Google",0,https://www.google.com/maps/contrib/111393846480306163190/reviews?hl=id,https://lh3.googleusercontent.com/a-/ALV-UjXP5aQ61v-JWrWAGDUo9DmOBq-77PW05ibkNwG_Xrz7hBRO8BME=w36-h36-p-rp-mo-ba2-br100,,"It was a really fun and comfortable stay☺️🫶
Bli Kadek's service was excellent! 💯
The room is clean, the bathroom is nice, the water heater are also okay. This place offers you free flow drinks (Coffee, Hot choco, Milo, Nutrisari, also Tea)!☕️
This place is perfect for hanging out with friends! They will provide free BBQ tools for you🥩🥓
Also,
Just a little suggestion, maybe CSS should pay attention to the safety of the wooden stairs on the 2nd floor, So that visitors are safer when passing through👌

Thank you!☺️",,"Dear Ms. Agatha,
Thabk you for your review and nive to hear yhat ypu enjoy ypur stay. We do hope to be able to welcome you again in the future. 
As for the wooden stairs, noted and we will increase our maintanance and safety check for it. 
Once again  thank you and lo9king forwqrd to welcome ypu back in the future",2026-05-11T08:50:26.602740+00:00,2026-05-11T08:50:26.602740+00:00,0
Ci9DQUlRQUNvZENodHljRjlvT2pGNFVFZzVRV1ZTVFRad1VYTlNVV2xKZDFseU1YYxAB,Dito Ano,0.0,2026-04-20T08:50:25+00:00,"3 minggu lalu di
Google",0,https://www.google.com/maps/contrib/106381245748304740375/reviews?hl=id,https://lh3.googleusercontent.com/a/ACg8ocJa4LdLX_Fx-zN7eIkmMSyq2MNkZ6aaYcT1-sgQI14oKWJWqA=w36-h36-p-rp-mo-br100,,"Tidak recommend jika musim kemarau/panas, karena tidak ada ac jadi gerah minimal kasih kipas lah. Ruangan sempit. Dan penutup kacanya tidak full ada space yg bisa untuk diintip tolong diperhatikan. Karena container terbuat dari seng tergolong suka ada suara berisik. Ada noda di bedcover. Untuk 300k up ga worth it",,"Dear Bapak atau ibu Dita,
Terima kasih utk reviewnya. 
1. Udara panas, buka jendela nya Pak atau ibu krn Bedugul udaranya segar, selama ini ydk ada tamu kami yg merasa panas kl jendela dibuka
2. Pak  0enutup kaca gak full maksudnya bagaimana? Semua jendela kami tertututp rapat, apakah beneran bapak /ibu pernah ke guest house kami? 
3. Dan kontainer bukan dr seng ya Pak, tp baja...kecuali tiruan kontainer yg biasa dibuat booth di pinggir jalan utk jualan. Lagipula, ada peredam suara nya diantara kontainer kami. 
Akan tetapi, terima kasih sudah memberilan review meskipun saat kami cari  tdk ada nama tamu atas nama Bapak atai Ibu shg kami bisa merespon langsung

Regards
CsS management",2026-05-11T08:50:25.321710+00:00,2026-05-11T08:50:25.321710+00:00,0
Ci9DQUlRQUNvZENodHljRjlvT21ONllqRlJSblJYWWxGMlRVOVpaMEZFWkZGMGRGRRAB,Sella老师,0.0,2026-04-20T08:50:24+00:00,"3 minggu lalu di
Google",0,https://www.google.com/maps/contrib/105972766315895269496/reviews?hl=id,https://lh3.googleusercontent.com/a-/ALV-UjUsoQqt7sRu3qniPzgu78R28mfPPene5FN_bYQnuIMQem2--fvM=w36-h36-p-rp-mo-br100,,"Pemandangannya indah, udara sejuk, pelayanannya juga memuaskan☺ akan jadi pilihan utama lagi saat berlibur ke Bali!",,"Dear Sella,
A pleasure to hear that our guest house and servicea meet ypur expectation. 
Lookinh forward to welcome you again when you visit Bali. 
Regarss
CsS management",2026-05-11T08:50:24.909222+00:00,2026-05-11T08:50:24.909222+00:00,0
Ci9DQUlRQUNvZENodHljRjlvT21wcVIwVTRjMkpIUkhoT00wNVVRbVJJYzIxTU4xRRAB,Arfani House,0.0,2026-04-20T08:50:23+00:00,"3 minggu lalu di
Google",0,https://www.google.com/maps/contrib/116705846788513319353/reviews?hl=id,https://lh3.googleusercontent.com/a/ACg8ocLpUCqt-gu7L01QI8jBpQdSBaRC3EBUwIrLaUSlov-vzqhnCg=w36-h36-p-rp-mo-br100,,"tempatnya nyaman, kalau malam dingin, cocok untuk staycation bareng keluarga 🤩",,"Deat Arfianis's house,
Thank you for the review. Looking forward to welcome you back here
Regards
CsS management",2026-05-11T08:50:24.082487+00:00,2026-05-11T08:50:24.082487+00:00,0
Ci9DQUlRQUNvZENodHljRjlvT2xsS1pFSXhlbHBMVW01UGRqbHpiVXA0YzBsd1RWRRAB,Djawoto Sahputro,0.0,2026-04-27T08:50:23+00:00,"2 minggu lalu di
Google",0,https://www.google.com/maps/contrib/112260990529677877767/reviews?hl=id,https://lh3.googleusercontent.com/a/ACg8ocJEm0IOgaR3TqTlIwY2WnnwbKcMuHcUGotLmyfa7DFCKd9s3g=w36-h36-p-rp-mo-br100,,"Sy br pertama kali, atas rekomendasi saudara saya. Semua sesuai dgn promosinya. Sy akan promosikan ke teman yg liburan ke bali. Kamar, layanan, lokasi, semua bagus. Pertahankan dan tingkatkan terus.",,"Dear Bpk Sahpotro,
Terima kasih utk revoew nya dan kami tunggu kedatangan anda, teman anda atau saudara anda kembali
Regards
CsS management",2026-05-11T08:50:23.334945+00:00,2026-05-11T08:50:23.334945+00:00,0
Ci9DQUlRQUNvZENodHljRjlvT2tkYVYzcDJUMnhuZGpSaFIyNXNlVGR6ZEdSS1JsRRAB,Wibi Nugraha,0.0,2026-04-27T08:50:22+00:00,"2 minggu lalu di
Google",0,https://www.google.com/maps/contrib/102917318970358368340/reviews?hl=id,https://lh3.googleusercontent.com/a-/ALV-UjWrrchJb1dWWRBO-m0pNJNXBNDpYkLkc5r_fslP5CmJEZLPZ520=w36-h36-p-rp-mo-ba3-br100,,"Selalu seru kalo nginep disini. Tempatnya unik, bersih, dan disediakan minuman gula, kopi, dan chocolate gratis di lobby. Lingkungan sekitar adem, dan dekat banget dengan danau. Rekomen banget kalo stay di daerah bedugul.",,"Hi Mr. Nugraha,
Thank you very much fpr your review and we are looking forward to welcome you again in the near future
Regards
CsS management",2026-05-11T08:50:22.559765+00:00,2026-05-11T08:50:22.559765+00:00,0
Ci9DQUlRQUNvZENodHljRjlvT2pBdFdHUklORXh6ZG1GWFNIRmtiVFZFT1doQ2FGRRAB,Purnama Devi,0.0,2026-05-08T08:50:19+00:00,"3 hari lalu di
Google",0,https://www.google.com/maps/contrib/114237481927780143549/reviews?hl=id,https://lh3.googleusercontent.com/a/ACg8ocKDQT-g9nCFJrBhl5xPZWZPZg6VcotSUZ8A9KbpmzJiHgpCIA=w36-h36-p-rp-mo-br100,,Tempatnya nyaman dan harga terjangkau,,"Dear ibu Devi,
Terima kasih itk review nya dan kami menunggu kedatangan anda kembali
Regards
CsS management",2026-05-11T08:50:19.746544+00:00,2026-05-11T08:50:19.746544+00:00,0
ChdDSUhNMG9nS0VJQ0FnSURwc2JxZXR3RRAB,Kiki Puji Surya,0.0,2024-05-11T08:50:19+00:00,"2 tahun lalu di
Google",0,https://www.google.com/maps/contrib/115161661142233706939/reviews?hl=id,https://lh3.googleusercontent.com/a/ACg8ocJclXzZI2KTisjL-DgOzl2UxAv65gyayWjoyIapYui5XejbAQ=w36-h36-p-rp-mo-br100,,Tidak cocok untuk keluarga,,,2026-05-11T08:50:19.248604+00:00,2026-05-11T08:50:19.248604+00:00,0
ChZDSUhNMG9nS0VJQ0FnSUR0NHRTQ2FBEAE,Lukmanul Hakim,0.0,2024-05-11T08:50:18+00:00,"2 tahun lalu di
Google",1,https://www.google.com/maps/contrib/100096049526348017702/reviews?hl=id,https://lh3.googleusercontent.com/a-/ALV-UjVoeG0zu6sUM8qetODn0E4IQzvc2sFDXH9oo1GGJxtFdlkidQ1H=w36-h36-p-rp-mo-ba2-br100,,Pelayanan sangat bagus di sini,,"Dear Pak Hakim,
Teroma kasih utk reviewing CsS, dan kami senang Bapak menikmati tinggalndi container sederhana kami. 
Regards
CsS management",2026-05-11T08:50:18.919220+00:00,2026-05-11T08:50:18.919220+00:00,0
ChdDSUhNMG9nS0VJQ0FnSUNKc29YZXVnRRAB,John Huss,0.0,2024-05-11T08:50:18+00:00,"2 tahun lalu di
Google",0,https://www.google.com/maps/contrib/108289193999487150415/reviews?hl=id,https://lh3.googleusercontent.com/a/ACg8ocId0kdiJ72_VAFbeF3iTp_9KJS8a3zTvdazdROCaD9DOmjYOw=w36-h36-p-rp-mo-br100,,Kurang Ac aja 🙏,,,2026-05-11T08:50:18.312300+00:00,2026-05-11T08:50:18.312300+00:00,0
ChZDSUhNMG9nS0VJQ0FnSURlNW9MRUJnEAE,Ulu Nia,0.0,2023-05-12T08:50:17+00:00,"3 tahun lalu di
Google",0,https://www.google.com/maps/contrib/105214790145648285401/reviews?hl=id,https://lh3.googleusercontent.com/a-/ALV-UjWbgMJKjJLhKunflOnY-slee7xH67jVzG-fy2PlOTLTj10Gndc=w36-h36-p-rp-mo-br100,,👍 …,,,2026-05-11T08:50:17.803632+00:00,2026-05-11T08:50:17.803632+00:00,0
ChZDSUhNMG9nS0VJQ0FnSURILXVqd1hBEAE,Andy Saripandi,0.0,2025-05-11T08:50:17+00:00,"setahun lalu di
Google",0,https://www.google.com/maps/contrib/103344833727854603493/reviews?hl=id,https://lh3.googleusercontent.com/a/ACg8ocLnmB3QZLUXbJVVveNjBDqXrVx4rxcDhxwUwzy4VcaJJoWb7Q=w36-h36-p-rp-mo-br100,https://lh3.googleusercontent.com/grass-cs/ANxoTn3tbdjVB6-9_IhlpqswGzKCyxmya1nH8huh0um1YIFBRJ5V5A1KA0s6vTspz1hLWjKpeb0suV2Gm-pIOFJaAd1cJor7RlvCF_G3BpDWC8g6aIb640xFQX3EOQhGsVHscSS3s2r84Q=w300-h450-p-k-no;https://lh3.googleusercontent.com/grass-cs/ANxoTn3HKwj0Rfxl3PPqpGKjhEqJ8_lmpQZcK373nyIDMhXeCYctjkWjbv08sh_PW5Bda0bSmoxoWak6n6lPyzHjxrcPSh5sXuljeoqJSQSmsjtAtnYztnuOqIhkCyA9CG2Q3k0JSvXJ=w300-h450-p-k-no,Rekomend ni buat yg mau healling ke bedugul,,"Dear Pak Saripandi,

Terima kasih untuk review nya dan kami senang mebgetahui bahwa bapak menikmati tinggalndi container sederhana kami. Kami meninggu kedatangan anda kembali 
Regards
CsS management",2026-05-11T08:50:17.734640+00:00,2026-05-11T08:50:17.734640+00:00,0
ChdDSUhNMG9nS0VJQ0FnSURQaDVmZy1nRRAB,Yanuar Ryadi,0.0,2025-05-11T08:50:17+00:00,"setahun lalu di
Google",0,https://www.google.com/maps/contrib/113844879668708928125/reviews?hl=id,https://lh3.googleusercontent.com/a-/ALV-UjVfvxsPs79IDKiu5ubFvOSao5xDzAGj87zBGoMAIrOmj4q-MVSu=w36-h36-p-rp-mo-br100,,Bagus dan nyaman tempatnya,,"Dear Pak Yanuar, terima kasih utk review nya dan senang mendengar bapak menikmati tinggal di CsS. Kami menunggu kedatangan Bapak kembali. 
Regards
CsS Management",2026-05-11T08:50:17.477815+00:00,2026-05-11T08:50:17.477815+00:00,0
ChdDSUhNMG9nS0VJQ0FnSUNSa05XVnFnRRAB,Ivan Agiltio,0.0,2023-05-12T08:50:16+00:00,"3 tahun lalu di
Google",1,https://www.google.com/maps/contrib/103907789765054936545/reviews?hl=id,https://lh3.googleusercontent.com/a-/ALV-UjWDZgXfGLN-qzpKwx3yxbUCPc1kIw-K-45E_yUJyEEYdbjH20wd=w36-h36-p-rp-mo-ba3-br100,https://lh3.googleusercontent.com/grass-cs/ANxoTn0Dwhpx3bwRzN750rd69XBlbBpVfiovzY94gukvDraiAUiQjp7_ok7Vm2S-4NPqcTKotndWanqRPgyu1YipKxm4QP5h6_Oa1Tz1O5_0US5YzBQ7_vD886WdYG7qBL7vGUb_48iz=w300-h450-p-k-no;https://lh3.googleusercontent.com/grass-cs/ANxoTn2AwGpybWjd2oMP2ZJQpBCtdepnRlcel06p6xnTaP0e1UvIG0XgTTIr3_baB4ZbrKBpQlq2CfDAxM9ZOEdIxoUc0rPINcq-RP_bWD18imPW0abtfxJWJW1Y6s6F2KuTTK14DQlZiA=w300-h225-p-k-no;https://lh3.googleusercontent.com/grass-cs/ANxoTn2adbfSBTsGud2sSnedG-Unb25eOiP5ZE8_BdT1XTT4_q21SY2YbRm0TKRMA2CZy1kZ1FJZQKbVF9OHVJKhTbsfEYFXHxHUt-SDCnw6pc2iEcK0zmv-f-_823zKhuXAjgVWIGhW=w300-h225-p-k-no,"Tempat yang sangat nyaman, pelayanan terbaik dan view yang indah",,,2026-05-11T08:50:17.104745+00:00,2026-05-11T08:50:17.104745+00:00,0
ChdDSUhNMG9nS0VJQ0FnSUNmd19YUDdnRRAB,oki chandra nagara,0.0,2025-05-11T08:50:16+00:00,"setahun lalu di
Google",0,https://www.google.com/maps/contrib/102893031948159181847/reviews?hl=id,https://lh3.googleusercontent.com/a-/ALV-UjUamXN2e48Lr2ipETmoh68t0UaKuEY193aVCsp4A-K7-ILNxMQ=w36-h36-p-rp-mo-ba6-br100,https://lh3.googleusercontent.com/grass-cs/ANxoTn1RgQ7YhfkKm8WLbqVOpxUaUiyj-hsfbhDxtmYrth0MXKCN4AlMyjOJ5j2EOmU_AfxBlaEcm3aspTKGqftw1mobvCOIzBZBV9DQ5lJMStlx56vaY_3sOiUCaC5-B4UcmB-q2q6Y=w300-h225-p-k-no;https://lh3.googleusercontent.com/grass-cs/ANxoTn0AwkWGlTMW8dcMNJHdLWla6V58_vh7z8v7Lc9PJ9yBvoxr-akrxmp4OywfjhTu3kffAqzQxJXMZHaFT6KpdJ-rKWIt2ka7LBDzzPVSoF1H5YZF-kmWev9gNztLzRPz_ipdRP-c=w300-h225-p-k-no;https://lh3.googleusercontent.com/grass-cs/ANxoTn2yP3jS2jmqFZfcCIwHSQOXDNvFBGMM3MjIc-h68ORLypgeMXCRPfjcDFWIcSyMxotJkc2ICSD_ceN1jRDqbif20CJ7IPk1NTXHHYB1DTpThG-glSeDluAndEMIrvF6kjmxJiG-=w300-h225-p-k-no;https://lh3.googleusercontent.com/grass-cs/ANxoTn3zqpLFVKMIdbR0NoPTwRTBlAydx_zhdvOT4ByY8DxVyzMGfg4-Fj5aWhJWm0Wf4rrW9qfKz7skKcwGudcNhCAPQEuP1gpTGaXUt7hW3hxo-3_P9IcIx-ShlNOy-SRNLSFGoxjH2A=w300-h225-p-k-no,Ramah banget karyawannya..,,"Dear Oki,
Thank you for your review. Glad to know that you have a good holiday. Looking forward to welcome you again 
Regards
CsS management",2026-05-11T08:50:16.955290+00:00,2026-05-11T08:50:16.955290+00:00,0
ChZDSUhNMG9nS0VJQ0FnSURMX3Y2c0RREAE,Anak Agung Raka Muter,0.0,2025-05-11T08:50:15+00:00,"setahun lalu di
Google",0,https://www.google.com/maps/contrib/118387812422257777971/reviews?hl=id,https://lh3.googleusercontent.com/a-/ALV-UjX9NTvEYIigSoa82x0ONjuWg8lP_07jUK550mL-zaX08HR0gpQ=w36-h36-p-rp-mo-br100,,Thankyou for youre service is good and excelance,,"Dear Bapak Anak Aging Raka Muter,
Terima kasih untuk rwview nya dan kami ssnang anda mendapatkan penglaman yg menyenangkan bersama kami. Kami menantikan kedatangan anda kembali
Regards
CsS management",2026-05-11T08:50:16.256836+00:00,2026-05-11T08:50:16.256836+00:00,0
ChdDSUhNMG9nS0VJQ0FnSUR0NTREQl9BRRAB,Untari Dian,0.0,2024-05-11T08:50:14+00:00,"2 tahun lalu di
Google",0,https://www.google.com/maps/contrib/110393621509384933094/reviews?hl=id,https://lh3.googleusercontent.com/a-/ALV-UjW39gaLiDMWgLrCNn06JyJtTi5Pxk1QKhzaNC-BzR--eEEUf-yi=w36-h36-p-rp-mo-ba4-br100,https://lh3.googleusercontent.com/grass-cs/ANxoTn37nZY4YB05MAnSZ59vQ3f3o7Jm59EVJxdGMBdRjUKn5sc6_Lp_fFDwOq7rjlsPrv8IFeCb4VjlVEpjEpLKj8hUTmhFjvdrf8SFFHlRWTc4kT2Go-T4NNMsg7xyIpDiaBwPjNQ=w300-h225-p-k-no;https://lh3.googleusercontent.com/grass-cs/ANxoTn3ZgFU_jBAYuZHSOEVCjKTwDFvt_MkEaKhn0at61kn87J9tfq2Cg1PJTERZAB-oDeEYzfCjhanZj8aVFnxThmOLBSuzkBs0q0CApwnxpHNgzkpSyqPJGDXogQ_BgRRryQl7JbkH=w300-h225-p-k-no;https://lh3.googleusercontent.com/grass-cs/ANxoTn2C3_-SZpRAsOUxksaop9y00uYgfFiir6qwSgZvBZ5-sTX3oOKZWf49SDajyC9avg_520z2wwanFyaUc-kutXhdPy0ey9kZxB0K7YJ3ir2j6zNtEqY5AblKAILAfWsSoFXnEJNf9A=w300-h225-p-k-no;https://lh3.googleusercontent.com/grass-cs/ANxoTn0G7j-wCCeYlCnMmiPWD38pAiAhM2wNsWlfwr095LUle0Rp7ZaA1iZufarS1XDLLzi9NMjnQPQnzY89BzjzliE3ypHLUt5jI3WfPGq0t75KYqaaFpwpCoJ6dr0yCRHEOPXiv2ys=w300-h225-p-k-no,Tempat nyaman. Parkiran memadahi. Dan seperti namanya. Memang smart❤️❤️❤️❤️,,"Dear Untari Dian,
Terima kasih untuk review nya. Kami juga sangat senang pengalaman anda di smart stay menyenangkan. Kami menunggu kedatangan anda kembali",2026-05-11T08:50:15.149272+00:00,2026-05-11T08:50:15.149272+00:00,0
ChZDSUhNMG9nS0VJQ0FnSUQxNHVPVUVnEAE,yumeko puspitasari,0.0,2024-05-11T08:50:14+00:00,"2 tahun lalu di
Google",0,https://www.google.com/maps/contrib/103400791474847012390/reviews?hl=id,https://lh3.googleusercontent.com/a-/ALV-UjWUidmcx_8q1v-aPvHsqIAy7VcG5eG7oxMJBF84QQcrp3dPat3U=w36-h36-p-rp-mo-ba4-br100,https://lh3.googleusercontent.com/grass-cs/ANxoTn0V2M5VDlwW3ohPtHZRQyyP2aut8bKGMt5m3CMV_2pH14zYTlh1_bhttnNdswLgO9S6vSh3QGYjzEKotSmvKc0ZoM2TO3wOOWDwUkjyMU7uODv-9ayWKLD-ckyMYTGvdOqSeNNY=w600-h450-p-k-no,"Bersih bgt, staff ramah n air panas Oke bgt...",,"Dear Ms. Puspitasari,
Thank you for your review. We are glad that you have a nice stay with us. Looking forward to welcome you again",2026-05-11T08:50:14.526117+00:00,2026-05-11T08:50:14.526117+00:00,0
ChZDSUhNMG9nS0VJQ0FnSUR0b3R1Q1dBEAE,hadi wijayaoc,0.0,2024-05-11T08:50:13+00:00,"2 tahun lalu di
Google",0,https://www.google.com/maps/contrib/110405082185382191059/reviews?hl=id,https://lh3.googleusercontent.com/a/ACg8ocILjgkUPscd4vb6Kxid0AyZX9GKvCelbOB9y_gY0Kj2nU5kSQ=w36-h36-p-rp-mo-br100,,"Kamarnya unik, nyaman, dan suasananya menyenangkan.",,"Dear Bapak Wijaya,
Terima kasih untuk reviewnya dan kami senang mengetahui bahwa pengalaman tinggal do container sederhana kami menyenangkan. Kami tunggunkedatangan anda kembali
Regards
CsS managent",2026-05-11T08:50:13.961563+00:00,2026-05-11T08:50:13.961563+00:00,0
ChdDSUhNMG9nS0VJQ0FnSUQxc3ZEV2dBRRAB,setia nonik,0.0,2024-05-11T08:50:13+00:00,"2 tahun lalu di
Google",0,https://www.google.com/maps/contrib/118114912624543490675/reviews?hl=id,https://lh3.googleusercontent.com/a-/ALV-UjUJMmExuokP6SyejkXMGW-LvheDEheTMW3X2qBnhsIUGK2x7bMYww=w36-h36-p-rp-mo-ba3-br100,,"Kamar nya bersih banget, lengkap, view  nya gunung",,"Dear Mr. Setia,
Thank you for yyour review. We are glad that your stay is enjoyable. We do hope to be able to welcome you again. 
Regards
CSS Management",2026-05-11T08:50:13.442781+00:00,2026-05-11T08:50:13.442781+00:00,0
ChdDSUhNMG9nS0VJQ0FnSURocVlfc25nRRAB,Made Monik,0.0,2023-05-12T08:50:12+00:00,"3 tahun lalu di
Google",2,https://www.google.com/maps/contrib/112535552460011921460/reviews?hl=id,https://lh3.googleusercontent.com/a-/ALV-UjWzVw5u7ZjR5MT3q7jwcpisnaEkgRvi69Li44a4d0hUkNCb9KQp=w36-h36-p-rp-mo-br100,,"Sangat² tidak rekomen owner sangat tidak ramah kepada tamu orang lokal.
Sangat menyesal booking disini",,,2026-05-11T08:50:12.703343+00:00,2026-05-11T08:50:12.703343+00:00,0
ChdDSUhNMG9nS0VJQ0FnSUREeF9pZDJ3RRAB,Wira Gunartha,0.0,2024-05-11T08:50:11+00:00,"2 tahun lalu di
Google",0,https://www.google.com/maps/contrib/106115158772990838569/reviews?hl=id,https://lh3.googleusercontent.com/a/ACg8ocINmfooe75kiuCPCoVX2cbN9GdDI7tF6CjfJyjvEJw7uANBmA=w36-h36-p-rp-mo-br100,,"Lokasi bagus, kamar bersih, cocok untuk bulan madu 😁",,"Dear Pak Wira,
Terima kasih untuk reviewnya. Kami menunggu anda kembali, dgn keluarga juga bisa lho Pak..BBQ dan Bonfire. Kita sediakan peralatannya for free kok. Sekali lagi terima kasih ua Pak. 
Regards
CsS management",2026-05-11T08:50:12.274569+00:00,2026-05-11T08:50:12.274569+00:00,0
ChZDSUhNMG9nS0VJQ0FnSUNENEwzN1J3EAE,Jamilah,0.0,2024-05-11T08:50:11+00:00,"2 tahun lalu di
Google",0,https://www.google.com/maps/contrib/101643139607020385195/reviews?hl=id,https://lh3.googleusercontent.com/a/ACg8ocJlkOaiNA6lSNwxrtE6ZO6Q2PEdAiuuETLDqM_eD-3Dxsrzpg=w36-h36-p-rp-mo-br100,,"Kamarnya bgs, sejuk,dan elegant pokok nya nyaman deh",,"Dear Jamilah,
Terima kasih utk reviewnya. Kamiemantikan anda kemvali ke CSS
Regards
CSS management",2026-05-11T08:50:11.659813+00:00,2026-05-11T08:50:11.659813+00:00,0
ChdDSUhNMG9nS0VJQ0FnSUNkMk9fbGx3RRAB,Nurlam Gaming,0.0,2024-05-11T08:50:10+00:00,"2 tahun lalu di
Google",1,https://www.google.com/maps/contrib/111637243554456440995/reviews?hl=id,https://lh3.googleusercontent.com/a/ACg8ocJdddMT9dsUyN5XCa9JTXgZ2jddviEbU5XSWXD5xQdpeq2mhg=w36-h36-p-rp-mo-br100,,"tempatnya bagus banget,kamarnya juga bersih pokoknya nyaman banget kalo kesini😍😍",,"Dear Nurlam Gaming,
Terima kasih utk reviewnya dan senang mengetahui liburan anda menyenangkan. Kami menunggu kedatangan anda kembali 
Regards
CSS",2026-05-11T08:50:11.105330+00:00,2026-05-11T08:50:11.105330+00:00,0
ChZDSUhNMG9nS0VJQ0FnSUROd29EM0Z3EAE,Kade yong,0.0,2024-05-11T08:50:10+00:00,"2 tahun lalu di
Google",0,https://www.google.com/maps/contrib/101786501131888567313/reviews?hl=id,https://lh3.googleusercontent.com/a/ACg8ocL9qI2HbzSgSlWLcVG8pRwK3qMfx7aidWc3Wh2s6J0nveb7Ow=w36-h36-p-rp-mo-ba2-br100,,"Tempatnya deket dari Danau, suasnya masih asri, akses masuk jalan agak rusak, parkir terbatas.",,"Dear ibu Jayantini,
Terima kasih utk nasukannya dab senang mendengar anda tinggal dgn nyaman. Kami akan sampaikan kembali comment soal jalan ke desa meskipun sudah berkali kali kami juga sudah sampaikan. Mengenai parkir memang terbatas tetapi kami pastikan parkir mencukupi utk semua tamu yg membawa mobil. Jika mobil banyak kami akan atur shg tidak ada tamu yg kesulitan dgn mobilnya. Terima kasih 
Managemen CSS",2026-05-11T08:50:10.378692+00:00,2026-05-11T08:50:10.378692+00:00,0
ChdDSUhNMG9nS0VJQ0FnSUN1a1BXZzRRRRAB,Non Villa,0.0,2023-05-12T08:50:09+00:00,"3 tahun lalu di
Google",7,https://www.google.com/maps/contrib/112916848997907746155/reviews?hl=id,https://lh3.googleusercontent.com/a-/ALV-UjXqItnMPV6CLFaIM3R1RT6520zgPLt-FcNO3Ox0BXP1jl8WiH_X=w36-h36-p-rp-mo-br100,,"Tidak cocok untuk liburan keluarga yg membawa anak kecil... Terlalu banyak peraturan..,!
Tolong lebih diperbaiki managementnya.",,,2026-05-11T08:50:09.702814+00:00,2026-05-11T08:50:09.702814+00:00,0
ChdDSUhNMG9nS0VJQ0FnSURIeGZUS3l3RRAB,Ardian Dana Fauzi,0.0,2025-05-11T08:50:07+00:00,"setahun lalu di
Google",0,https://www.google.com/maps/contrib/117128119007636223281/reviews?hl=id,https://lh3.googleusercontent.com/a-/ALV-UjWcfO0OJ5Uf4JFo_hQVoLg3iKDZxAOtINxJRWYLGKSeuGPnLaXc=w36-h36-p-rp-mo-ba3-br100,https://lh3.googleusercontent.com/grass-cs/ANxoTn37I3_EvHdSfvXoyAT_vUjd-AJeE-fCtU6pmsrJ_Szhm-Fk4Mn6Br64_-hRclxL-5MpMXOgyOCUVpb6e6LRMQ3vkDme8zvXsh8kMfy2z2GsRkzW_Js1sjYqOV6QCXtOYEE7wbTB=w300-h225-p-k-no;https://lh3.googleusercontent.com/grass-cs/ANxoTn2DMqEaDxlUzVGpWK-ofXzjSrF3dQLXabV1K4x2QEEAtSgOt3nZQ5_Yu5tK4MK7M36JvJXUuBVCXnhoEbcGpsdRAtOBjcPbID_S84MeDP0apt5acVFK_VZfoQBr16KA_zNxuJHFAg=w300-h225-p-k-no;https://lh3.googleusercontent.com/grass-cs/ANxoTn3_UngnUoyCjaKtFLqn57GpvUp0XS2T3cRtDsbNVrmmwJDGKEVy9bM5hHZ3mPLSlAo5taU3v5OMpsIfEq9EKqIVZZb7N5HCGCefm42niYTWJaLKOpZ2eFiAuclljwgdvnv6B2qQ=w300-h225-p-k-no;https://lh3.googleusercontent.com/grass-cs/ANxoTn1oXHiO-SJ1RpnPt2ccX6bNPr7vi2YZkQFkGuaLwOHcGWmRf5TFsrJxAm8OO9tscLh4Y4LEU37VT2BKgfHVWXwKv8cBsCX1rxJoKd3PzvwmIepei1D1kFgDq6-xsMlGh0MzpQSc=w300-h225-p-k-no,"Nyaman, bersih, pelayanannya juga ramahh.. first impressionnya nyenengin, rekomendedd pokonya",,"Dear Ardian,
Terima kasih untuk reviewnya, kami senang mengetahui liburan anda menyenangkan. Kami selalu menantikan kedatangan anda kembali
Regards
CsS management",2026-05-11T08:50:07.893685+00:00,2026-05-11T08:50:07.893685+00:00,0
ChdDSUhNMG9nS0VJQ0FnSURwaWZpWl93RRAB,rusma dewi,0.0,2024-05-11T08:50:07+00:00,"2 tahun lalu di
Google",1,https://www.google.com/maps/contrib/108194738161544031429/reviews?hl=id,https://lh3.googleusercontent.com/a-/ALV-UjV4K5SSmuHjd_oSldif-uowmbcpGWdwp74fLTa6TVbQCVuh0bfe=w36-h36-p-rp-mo-ba6-br100,https://lh3.googleusercontent.com/grass-cs/ANxoTn36ywULBE8wZ7Cvof1ehFTd6K_g3YIqZkCNdL1Uu8a01oHwcJUWD1g2_Q9l6DcZLgOX5qrWCcb5AaW0J7yxXJCpu0jj9P9sYSNsvIXvTP_IqjNLvcWFqL8FZzPsKpa5m3ThTWmS=w300-h225-p-k-no;https://lh3.googleusercontent.com/grass-cs/ANxoTn3BF7MuNcwkqKD78SuAGKFYHbHTWGqaVPAtSd6MVq1Y4esl-9nZI-IZW5gv2T9DPnpw0jdEUS2DB-ULkXXL4zSK9Cb5U8tWhXmCCKJpKcfIem0VYZ6gfjRh-igOw3lTr4PaQC1Q3Q=w300-h225-p-k-no;https://lh3.googleusercontent.com/grass-cs/ANxoTn0eLpuwf7PjZ1sNGPwxGbZJESKkUjTYRa4Enx84eUJ1xqyyMfTZ_fIEekUqCZwxG5qwePwfWbLVZozS3KsEskBgVgyG_yY1nX6Lx9Q0Lykc6S1tKxLVpliV-C4uFhyJdoFgRzQn=w300-h225-p-k-no;https://lh3.googleusercontent.com/grass-cs/ANxoTn3TJY8ZsKFxcauFJrTYY5cx3MehJ1yRfw5a_G7fjZjR4SCJmC2scO2w23tTFzg2XOW2MkzPYOCZMX4I2EzEKaRZN_2vV0_kl5zqsQuVTBUmjREWblAqLlhhgTEgf3XrhIQrdJLQgw=w300-h225-p-k-no,"Saran utk room nya disediakan yg fasilitas AC, krn klo stay siang di room panas dan agak pengap, staf friendl",,,2026-05-11T08:50:07.322789+00:00,2026-05-11T08:50:07.322789+00:00,0
ChZDSUhNMG9nS0VJQ0FnSURkOTRUUVBREAE,Rudy Deasy,0.0,2024-05-11T08:50:06+00:00,"2 tahun lalu di
Google",0,https://www.google.com/maps/contrib/115962596176827667768/reviews?hl=id,https://lh3.googleusercontent.com/a/ACg8ocICrgi6eLGyUyQOgvZgsAVNRQ1cQpEtEUHHTmJy6R5_svAF7A=w36-h36-p-rp-mo-ba3-br100,,"Suasana nyaman, asri, kamar bersih sdikit kecwa dengan kebersihan bedcover ( bkas noda)",,"Dear Bpk/Ibu Dessy,
Terima kas8h utk reviewnya. Mihin maaf sebesar hesarnya atas kelalaian team kami dlm mengonreol bedsheet saat kembal8 dr laundr6. Ke depan iami akan memastikan bahea SOP kontrol dijalankan dgn disiplin. Jika ibu ada waktu dan krmval8 menginap, mhn diinfo agar kami bisa member8kan kompensasi atas ketidaknyamanan yg terjadi.
Regards
Managemen CSS",2026-05-11T08:50:06.790098+00:00,2026-05-11T08:50:06.790098+00:00,0
ChdDSUhNMG9nS0VJQ0FnSUNMem9tNHRBRRAB,office Rolling,0.0,2025-05-11T08:50:05+00:00,"setahun lalu di
Google",1,https://www.google.com/maps/contrib/115059544562966595565/reviews?hl=id,https://lh3.googleusercontent.com/a-/ALV-UjXHhHBiSS9TFj-BRu0Z0-wSpGFFEgDJF4VqLIGZl0i-ibY_-QW2=w36-h36-p-rp-mo-ba3-br100,https://lh3.googleusercontent.com/grass-cs/ANxoTn0JnwSq7UDVmftbxltoHA-AUZWcji6Hr8kcHhoCr7Z1hK1n-tYblMrnReeiMSXKR4WACZuKnCZqRkoKjLq1bDSFUNOOm5v5UtUyXWfid0KV-vaHth-mZ-e9pEXkomG9Cyi-y5g=w300-h225-p-k-no;https://lh3.googleusercontent.com/grass-cs/ANxoTn1zfCyC90mGKAR_MvJ0lEONZvZBLJAPAgf5WDSi6sDJ2h87nx3X_r3G1ZJSwnMsO4hIeuJTjezBdESazS_1VI20MzMjMCHqErC75Ax8qIk81HryEjxLLyvZRFzox-5OY3sLCibd=w300-h225-p-k-no;https://lh3.googleusercontent.com/grass-cs/ANxoTn2rRXC4OC9FAe8Yyh_5rxAoDVbEi78gmd_sR_1bhJ0hrnmcAP7IPMrvWZ_O-RRZ7UNVC6fQsxOhBMcbat_J5nBHWA3dzC-AI2MO0haTfv4E1QFFaeDpc18cMrr2Vj7aaNxe209a=w300-h225-p-k-no;https://lh3.googleusercontent.com/grass-cs/ANxoTn3oiac3tID54pcTqM7RMElCkgiZzjhmd2-RHDTujeRz-TgZu0jA7OfmCdmG1LaTH8RrOKFMTXzw9e2vrQR1LphLT7TivY3nr6hxgWsNHfo_Fwq50Y7u9uBG9GzJAbwTP6SbGPdhOQ=w300-h225-p-k-no,"Tempatnya cossy banget, dengan harga yang terjangkau....staf sangat ramah...dan view danau yang indah...",,"Dear Sir/ madam at Office Rolling,
Terima kasih untuk review nya  kami senang Bapak / Ibu menikmati tempat kami. Jika ada lagi yg bisa kami bantu, let us know ya Bapak/Ibu. Kami tunggu kedatangan anda kembali. 
Regards
Management CsS",2026-05-11T08:50:06.145137+00:00,2026-05-11T08:50:06.145137+00:00,0
ChZDSUhNMG9nS0VJQ0FnSUNocTdtZ2NnEAE,Dimas Putra,0.0,2023-05-12T08:50:05+00:00,"3 tahun lalu di
Google",0,https://www.google.com/maps/contrib/115295764620160448541/reviews?hl=id,https://lh3.googleusercontent.com/a/ACg8ocK8lhjMECtahStBoem9w6vUdWA-ww3mYTMlF15NikXMFyiyng=w36-h36-p-rp-mo-br100,,"kamar bersih dan nyaman, utk gantungan baju bisa ditambahkan lagi
lokasi dekat dengan daerah wisata tujuan",,,2026-05-11T08:50:05.447872+00:00,2026-05-11T08:50:05.447872+00:00,0
ChdDSUhNMG9nS0VJQ0FnSUNobUpxSDRBRRAB,budi purwanto,0.0,2023-05-12T08:50:04+00:00,"3 tahun lalu di
Google",1,https://www.google.com/maps/contrib/110427748533815838423/reviews?hl=id,https://lh3.googleusercontent.com/a/ACg8ocKlXjcEEgdjUIIgWJiZzHhHa4gcCdG6zMrFmZtrCxIC7MG2ig=w36-h36-p-rp-mo-br100,https://lh3.googleusercontent.com/grass-cs/ANxoTn1Ud7XaUwhcLRvteOEE2BxSs1rnATHuMQvhiC39PdbjZf91y-3AGiaV1YMAqRFgbNrZrxkpIUdeM6yIclTZDurTHmEGOceBOA3uDySlLXludO90jR6dpp3NwqiMJxq51Zi6Dk9E=w300-h450-p-k-no;https://lh3.googleusercontent.com/grass-cs/ANxoTn04SyrGdBHAkO69lDNYhIkaKklXjC9iASOkMBAVnWhhpov6FwO-9oXt8sSxOtv9eM2DrpQw24yixm3zUXuvwU_L2WeofwIqwZcW5au5fKeYU1pxkmS2uMgycvSMeXoRUBalMitpUg=w300-h450-p-k-no,"Recoment buat yg stay di deket danau buyan, view danau dan perbukitan.
Good servis dan pemilik serta pegawai ramah.
Pokoknya mantap",,,2026-05-11T08:50:04.929462+00:00,2026-05-11T08:50:04.929462+00:00,0
ChZDSUhNMG9nS0VJQ0FnSUNWN2JfTEhREAE,Embun Pagi,0.0,2024-05-11T08:50:04+00:00,"2 tahun lalu di
Google",0,https://www.google.com/maps/contrib/105430442899879559942/reviews?hl=id,https://lh3.googleusercontent.com/a-/ALV-UjUPF_9MmUNq_pg8gsZaRlsXsScjBatfCvPjPSmW8AP0C-o-GRuslg=w36-h36-p-rp-mo-br100,,"Sangat memuaskan, kamar tidur bersih toilet bagus tidur nyaman,, moga bisa dateng lagi👍👍👍",,Terima kasih kami ucapkan atas review yg sudah diberikan. Kami berharap bisa menyambut kedatangan anda kembali,2026-05-11T08:50:04.634858+00:00,2026-05-11T08:50:04.634858+00:00,0
ChdDSUhNMG9nS0VJQ0FnSUNqejVMTGtnRRAB,Nova Novita JS,0.0,2024-05-11T08:50:03+00:00,"2 tahun lalu di
Google",0,https://www.google.com/maps/contrib/116573449809944644427/reviews?hl=id,https://lh3.googleusercontent.com/a/ACg8ocJ1H_D8iJsGQ97WZ4hPYGITwRXkGgEshWCwvupzQSm4MJ6ffQ=w36-h36-p-rp-mo-ba3-br100,https://lh3.googleusercontent.com/grass-cs/ANxoTn3evT7r8Q69NXe0YBKyvMis_7IGgutfhQJDBaSyu-1AtZwDry5GP5sb0kVoFUW-hZ5dOJVDW_u7Qz673sVRSW6NejSYUlKSWPbcKzOKPNTrjiLUuqP6KHwG3QFUBmZiyz1tdQbo=w600-h450-p-k-no,"Walaupun ini konsep container pelayanannya, kebersihan kwalitas bed, pillow dan linen gak kalah dr hotel berbintang dan kamar cukup luas, viewnya bagus nyaman",,"Dear Ms. Nova,
Terima kasih utk review nya dan senang mendengar klau liburannya menyenangkan. Container Smart Stay selalu siap mebjadi tempat escape Ms. Nova. Just let me know. 
Kami tunggu kedatangan anda kembali 
Regards
CsS Management",2026-05-11T08:50:04.149697+00:00,2026-05-11T08:50:04.149697+00:00,0
ChdDSUhNMG9nS0VJQ0FnSURwaWZuazVRRRAB,Ari suputra Ari,0.0,2025-05-11T08:50:03+00:00,"Diedit setahun lalu di
Google",0,https://www.google.com/maps/contrib/116824883605480396281/reviews?hl=id,https://lh3.googleusercontent.com/a/ACg8ocKQx_r6EQ8oX07fJDsr3Pj4pKe7SvkeHkqrktM7GQ4ToYO5ig=w36-h36-p-rp-mo-br100,https://lh3.googleusercontent.com/grass-cs/ANxoTn1KmunZSqRufk0PtKRPwCVstOIkddQMP990IexJCREIWNTWvml0R9ugvhGN20JZlrv6ogEcSrhrkWxuaLbUaETJ6lycJwctidq7wYrU-NkMeubiERsRban4oMFg1tdSSVDVGhnj=w300-h450-p-k-no;https://lh3.googleusercontent.com/grass-cs/ANxoTn1Hn9SLs8-7mh_jewX-gw2seazKccSJgyOFY93k4b0mnnk0STb1tfiAJwWrTePWQxXqQ4hSWUtwucow4BbYFMj3UsqPa-i_8OsfcJyyVK-kTklWmWf9AerUaSS_z5OFPGJ9cana=w300-h450-p-k-no,"Nyaman dan mantap banget👍
Saya sudah ke 2x menginap di sini dan masih seperti biasannya Kamarnya nyaman,bersih,air panas lancar,handuknya bersih,kasur dan bantal nyaman,pelayanannya cepat dan ramah😊👍
Dan suasananya semakin enak dengan adanya api unggun dan BBQ di malam yang dingin suasananya menjadi lebih mantap👍
Dan seperti biasan ada juga free kopi,teh,coklat,juga refill air mineral
Kedepannya saya mau nginap di sini lagi kalau liburan👍👍🤩",,"Dear Bpk Ari, terima kasih utk review nya. Kami senang anda menilmati liburan yg menyenangkan. Info info saja kalau akan menginap kembalo, kami menunggu ledatangan Bapak lagi.",2026-05-11T08:50:03.403061+00:00,2026-05-11T08:50:03.403061+00:00,0
ChdDSUhNMG9nS0VJQ0FnSUM1c2Z2cWdRRRAB,Conan Edogawa,0.0,2024-05-11T08:50:02+00:00,"2 tahun lalu di
Google",1,https://www.google.com/maps/contrib/100757429543619283311/reviews?hl=id,https://lh3.googleusercontent.com/a-/ALV-UjX5mMfqxFIHPcIIPgPBbgpDLh4JNGdWZAzh9laI3yyrVWVF5blq=w36-h36-p-rp-mo-br100,https://lh3.googleusercontent.com/grass-cs/ANxoTn0y1FHr423I_7jaTFQKz06dw4By6JJVRDuxbkx1lJr6iU_1PxcUtGXcUpIw8xqgGtuJzXAfIEqQotlXm6dR4518hBAEjw3pBFja4NjJCLQ-Uz6Ik8yfizl05wKk0edKYXpkTeDb=w600-h450-p-k-no,"Tempatnya bagus,nyaman dan bersih...pelayanan nya juga bagus stafnya ramah tapi ada hal yg bikin saya gx enak ada ibu2 yg duduk di tempat receptionis saya gx tau ibu itu ownernya atau pengunjung.kurang ramah sama orang lokal makanya saya males keluar kamar.",,"Dear ibu Okta,  terimakasih atas review nya dan kami senang ibu merasa nyaman fi CSS. 
Mohon maaf jika ibu merasa istri saya (owner) tidak ramah. Mungkin karena beliau memang tdk bisa melihat dgn jelas krn ke 2matanya menderita ablasio retona. Kami berharap dpt menyambut kedatangan ibu kembali",2026-05-11T08:50:02.726657+00:00,2026-05-11T08:50:02.726657+00:00,0
ChdDSUhNMG9nS0VJQ0FnSURqNGJTZzRRRRAB,J.P.Y,0.0,2024-05-11T08:50:00+00:00,"2 tahun lalu di
Google",0,https://www.google.com/maps/contrib/105564793191082540003/reviews?hl=id,https://lh3.googleusercontent.com/a-/ALV-UjU1Oq4aWRu45ByASTSQzoOWDlRHriuRXhqVJxZId_JEL740VXFn=w36-h36-p-rp-mo-ba3-br100,,"kalau lebih dari 2org jangan coba” ksini, ribet amat peraturan perasaan udh bertahun” nginep dihotel gapernah samsek seribet ini

kamar mandi kotor, water heater susah nyala

tapi untung ada free minum yg enak dan staffnya super duper ramah sama lingkungan tempatnya enak",,"Dear JPY,
Terima kasih utk review nya. Peraturan hotel kami sama dengan hotel lain 2 dewasa dan 1 abak dibawah 12 tahun. Itu peraturan hotel di semua negara karena alasan kenyamanan dan keselamatan tamu. Jika memang lebih banyak orang, silahkan booking villa yang memang akomodasi utk orang lebih banyak.
Terima kasih juga untuk sarannya ttg water heater, akan kami cek ulang. 
Regards
Management CsS",2026-05-11T08:50:00.843644+00:00,2026-05-11T08:50:00.843644+00:00,0
ChZDSUhNMG9nS0VJQ0FnSUR4NVl6SWN3EAE,Norman Sabi,0.0,2024-05-11T08:49:59+00:00,"2 tahun lalu di
Google",1,https://www.google.com/maps/contrib/108812320373422844600/reviews?hl=id,https://lh3.googleusercontent.com/a-/ALV-UjU5JjHgawl-ePxyZtIvRAC53tGL8n43b5uax1jmGHds5Y6TkbC3=w36-h36-p-rp-mo-ba5-br100,https://lh3.googleusercontent.com/grass-cs/ANxoTn1BlWUUhLvgc4h5GPKRlr-SRrZmbvRE4SbBF_5-p8ScVTcR6QUFxE2J_rjgueISP4nN3EY83BvbScxRvP2qipQloaUu1L5CR1RF23ZWhJjDJDOvKAsGunp1aqE044qY9rQ0w5aM=w300-h225-p-k-no;https://lh3.googleusercontent.com/grass-cs/ANxoTn1miRTkjF00PjhNhdvp_oahPuP1y2189jaBbsURl4gnNgny3EAxl09Mwi2_-8Kd3GB3Pep3JcFeXq700gfV7ih8CegpiYt5L1kMMSnj6sfZCzu51Jqyb9iP6xYq10MEO0S8fGY=w300-h225-p-k-no;https://lh3.googleusercontent.com/grass-cs/ANxoTn3ZA8mHCtmedUY13iHWeKnJBMhZ420V8a2XlJLENNDuX6OO5YteQrDUXZo2Iuzw3toft_2Jm9eKV87ed--zU9NeRGwF1ys5YOeoWn8ZmsExZp7B5LIUst44-95bTiUD1MR_m0OT=w300-h225-p-k-no;https://lh3.googleusercontent.com/grass-cs/ANxoTn0AaoUS0teQCjSogKOwBQrzxd8CXJaifBZQKGwgXO6QS9UI1vXIa3dZOwsaRM73kSc97i3SnOjb8YE4qU-d5eCXqc76ighrPXdIsFa3o_LV9N-h1Md6ue3i8AimfIJpjNJj-1Q=w300-h225-p-k-no,"Suhu dingin sekitar 16⁰C menjelang subuh, tersedia air hangat di kamar mandi. Boleh free flow aqua, kopi, coklat dan teh di lobby dekat receptionist.  Bisa order makanan juga, karena kalau beli sendiri cukup jauh keluar ke jalan utama. Persiapan beli cemilan dan makanan sebelum istirahat di lokasi. Worth the price 👌",,,2026-05-11T08:50:00.250597+00:00,2026-05-11T08:50:00.250597+00:00,0
ChZDSUhNMG9nS0VJQ0FnSUNCMGE3eEJnEAE,Juliana Sangdjaja,0.0,2023-05-12T08:49:59+00:00,"3 tahun lalu di
Google",0,https://www.google.com/maps/contrib/102520989055554440232/reviews?hl=id,https://lh3.googleusercontent.com/a/ACg8ocJiCxFOWZKyrhBjrWXbydJrQz-ovLXPgpco0SfBHtU5ASQj1w=w36-h36-p-rp-mo-br100,,"Seneng sekali menginap di sini... Tempatnya sangat bersih, Tenang, udara nya sejuk dingin. Viewnya bagus. Pemilik dan Staf nya juga sangat baik.. Harganya sangat terjangkau. Awalnya menginap semalam ehh jadi dua malam kemudian nambah lagi jadi tiga malam. Sangat recomended sekali tempat ini. Next ke Bali pasti ke sini lagi.",,,2026-05-11T08:49:59.708347+00:00,2026-05-11T08:49:59.708347+00:00,0
ChZDSUhNMG9nS0VJQ0FnSUM5b0xxeEJREAE,matthew wakkary,0.0,2024-05-11T08:49:58+00:00,"2 tahun lalu di
Google",0,https://www.google.com/maps/contrib/104635668655130436564/reviews?hl=id,https://lh3.googleusercontent.com/a-/ALV-UjXdKR5UZ7t89RmQgi-uL1jxGXh-WIGXOqkAfCCByLLei9tINfmL=w36-h36-p-rp-mo-br100,,"Kamar nya bersih, lokasi nya sejuk, dingin. Pelayanannya bagus, ramah. Bertemu dengan owner yang ramah, beliau yang langsung mengantar kami melihat2 Room yang available🙏",,"Dear Pak Matthew, terina kasih utk reviewnya. Kami senang liburan bapak menyenangkan. Kami menunggu kedatangan anda kembali
Regards
CSS Management",2026-05-11T08:49:59.155075+00:00,2026-05-11T08:49:59.155075+00:00,0
ChdDSUhNMG9nS0VJQ0FnSURMcHZQWXlBRRAB,khaqqul biotank,0.0,2025-05-11T08:49:58+00:00,"setahun lalu di
Google",0,https://www.google.com/maps/contrib/104266247664623864222/reviews?hl=id,https://lh3.googleusercontent.com/a-/ALV-UjUDxUNWqMHvBFd7OQ3GEb7QWVHavlH6CIQJqRwVOFaPR6bAM3eh=w36-h36-p-rp-mo-br100,https://lh3.googleusercontent.com/grass-cs/ANxoTn3Be0B72rSn63bosjUMfer_7LgxjYdZiHTMa--cg0dL4CB4JrL7-d2MZu3DCsXbBEYLLNFRjkMlfUzdxvyvIxKXSKbXOIKGztluYV7Pc4UQ9idReKKU1Iz3SL25oILIJQ3yNV4=w600-h450-p-k-no,"Rekomendasi banget kalau berkunjung ke Bali, apalagi cari suasana tenang.
Untuk pelayanannya ajaib, the best lah buat abangnya.
Next time kalau berkunjung ke Bali lagi kita sharing lagi bang tentang lombok, sehat selalu.",,"Dear Ba0ak Khaqqul,
Terima kasih untuk review nya dan kami menantikan kedatangam anda kembali
Regards
CsS management",2026-05-11T08:49:58.569600+00:00,2026-05-11T08:49:58.569600+00:00,0
ChdDSUhNMG9nS0VJQ0FnSUNKcDk2OTZ3RRAB,ulan tari,0.0,2024-05-11T08:49:57+00:00,"2 tahun lalu di
Google",0,https://www.google.com/maps/contrib/103884036268582583659/reviews?hl=id,https://lh3.googleusercontent.com/a/ACg8ocLrrWgVVnr1ZmfaWbr0SpHmL5YP8xLADYD1KgEovPCa8RyAYQ=w36-h36-p-rp-mo-br100,,Last time kita kesini buat team bonding rame-rame. Lokasinya dekat dengan danaunya dan dari smart containernya kita bs lihat viewnya langsung. Paling enak malam-malam barbequan dan sudah di provide kitchen juga kalau mau masak dan grillnya kalau mau grill. Terus kita juga dapat free flow hot drink. Cuma kalau bs dpt breakfast akan lebih bagus. Thank you we so happy to be in smart container. Next we will go there and spend more time there,,"Terimakasih atas reviewnya.. 
Kami tunggu kedatangannya kembali",2026-05-11T08:49:58.120353+00:00,2026-05-11T08:49:58.120353+00:00,0
ChdDSUhNMG9nS0VQbVd1Ymk2aktIamxRRRAB,Adi Subrata,0.0,2025-06-15T08:49:57+00:00,"11 bulan lalu di
Google",0,https://www.google.com/maps/contrib/111546014138111689461/reviews?hl=id,https://lh3.googleusercontent.com/a/ACg8ocKKXz-zrQlNn4f4I9yFsow4_8wDGrbpwPlusqDJGd9yOI0dQA=w36-h36-p-rp-mo-ba3-br100,,"Karyawan cuma 1, bli Kadek Ari, orangnya ramah & helpfull.

Dekat danau Buyan, sekitar 1 km.

Sarapannya nasbung, nilai 2 dari 5.",,"Dear Pak Adi,
Terima kasih dengan review nya. Karyawan kami sebetulnya 2 tapi krn harus bergantian libur kl week day ya, jd hanya terlihat 1 dan 1 harusnya cukup utk handle 3 kmr yg terisi. Sementara utk nasi goreng, masalah selera orang masing masing. Tapi ngomong ngomong  saya double cek list reservasi kok, tdk menemukan bookingan atau reservasi anda ya? Apakah anda benar benar menginap di guest house kami? 
Terima kasih
CsS management",2026-05-11T08:49:57.606623+00:00,2026-05-11T08:49:57.606623+00:00,0
ChdDSUhNMG9nS0VJQ0FnSUNSMWVuRDJnRRAB,nez cookie,0.0,2023-05-12T08:49:56+00:00,"Diedit 3 tahun lalu di
Google",0,https://www.google.com/maps/contrib/113323468644516348123/reviews?hl=id,https://lh3.googleusercontent.com/a-/ALV-UjV5Oi9RKy_2y2pws_KVFZPZe769w34Jr1nMv7UWCTMWLICWpShr=w36-h36-p-rp-mo-ba4-br100,https://lh3.googleusercontent.com/grass-cs/ANxoTn3wCcsz0Ev12FHGWfYKZrGmdEOBnjc--NpYulu2eTegH6BJLMtjNn3OnSe2j2afu8_uJjPxPvoaToothlWRRyBr4U2dxzOaNu3GDWYXTStRpAsz8ONtMplVB3rGrJ6nnAgSOYpa=w600-h450-p-k-no,"Ruangan dan kamar mandinya bersih dan terawat. Lokasinya agak jauh dari jalan besar dan berada di tengah-tengah pemukiman warga. Menyediakan fasilitas sarapan pagi dan air minum refill. Tidak jauh dari lokasi terdapat warung yang menyediakan keperluan sehari-hari, snack dan kelengkapan untuk camping. Cukup menarik untuk sebuah pengalaman yang berbeda (menginap di dalam kontainer).",,,2026-05-11T08:49:56.961698+00:00,2026-05-11T08:49:56.961698+00:00,0
ChZDSUhNMG9nS0VJQ0FnSUNKb182UURBEAE,Angelina,0.0,2024-05-11T08:49:56+00:00,"2 tahun lalu di
Google",0,https://www.google.com/maps/contrib/115983975867985423166/reviews?hl=id,https://lh3.googleusercontent.com/a-/ALV-UjW8fdxV-czDO4egpPoKIHAQjpbpeNh0VxzyMB55-EUC4cAe3dXr-g=w36-h36-p-rp-mo-br100,https://lh3.googleusercontent.com/grass-cs/ANxoTn0vySvq7uDw93QvY0cSjb9HwLiUxgvjktWlhIYdjtbjPLHQhZ8ItGBj-ZeADjEf1c5GrmOVrM7j0YiSPOuuncrI16xoOmiGtBoKk2ElGNj1zhSSBsYLeOdB7ZVrGyDJefSZyoqG=w600-h450-p-k-no,"Kamar nyaman, bersih, kasur dan bantal nyaman. Air panas lancar, handuk bersih.

Ada free kopi, teh dan Milo, juga refil air mineral.

Pelayanan cepat dan ramah sekali 🤗

Suasana sekitar asri, sejuk, dinginnnnn 😁

Mau nginap di sini lagi kalau liburan 🤩",,"Dear Angelina,

Terima kasih. Kapan datang kembali. Kami tunggu dgn harga spesial. Maaf response nya sangat lambat krn ada penggantian admin
Regards
CsS Management",2026-05-11T08:49:56.584898+00:00,2026-05-11T08:49:56.584898+00:00,0
ChdDSUhNMG9nS0VJQ0FnSUNOMUtpR3dRRRAB,ImmaNe_,0.0,2024-05-11T08:49:55+00:00,"2 tahun lalu di
Google",2,https://www.google.com/maps/contrib/113149850602920506489/reviews?hl=id,https://lh3.googleusercontent.com/a-/ALV-UjWSxM-5CCUSw3QzppAtZX2MSZmURBFDeNQBa5cbo_3In9TZKAyisQ=w36-h36-p-rp-mo-ba4-br100,https://lh3.googleusercontent.com/grass-cs/ANxoTn0h2EMKpJQGMhhvV8nTE93-qoq2oV978Trf8faFsPPOMe7l2MGA9qcnUSv4aMH80ebPTeJuAdh9Jrh8ickeehe7wdhpXZruYX9aVq74oK2B5dAYtc625jhEt76YGviwjWjtKuCg=w300-h225-p-k-no;https://lh3.googleusercontent.com/grass-cs/ANxoTn23Aw3PrwEJT7i8ABmxUllyj-av1fcqiDR95w3Ew1dNTiTgnyqaJDtSN2vb2Od1CNzrpiwD3092hdNyUJQBUfsMsANQrP7ZokjkbbRiHOZvG4f4v_AqQW8REdH9rvlkrv93r19q2w=w300-h225-p-k-no;https://lh3.googleusercontent.com/grass-cs/ANxoTn130ww8-EuCLtzQPsWVZuQ26_EKU74v9tdNZqA8jhISFfpyyvZ8ZMEnVH1SF7g3Jvf5bHtU9MSyyJZEZumYq2ptErxg0IXLsqOrJpmqr6n45Ye5mONluQRWreoPMy4z5OTdWYBf=w300-h225-p-k-no;https://lh3.googleusercontent.com/grass-cs/ANxoTn3P4imErHqNJTUI4f-Bmzao5FMdQbtxYaX_3KK0Ofb2hk1_z0rka3NJSwCVRg-pT1lp1qtYcUqMErD-JmYCfiEs0u_r90jg_xbG-eUrunmZ-ZKNRXFnkE5PwIOU6lejgWYsQu8W1Q=w300-h225-p-k-no,Pertama kali nginep di daerah bedugul. Tempat worth it sih..tdk tersedia AC jadi kalo siangan dikit kamar panas..kalo malam dingin banget. Staff baik2..tersedia teh kopi dkk gratis. Tdk ada sikat gigi ya🤣 tapi mas2 nya baikq2 ya aku dibelikan di warung dekat2 situ😓🙏🥹. Pemandangan bagus..dari depan hotel kelihatan pemandangan danau. Kenangan ber3 bersama anakku❤️,,"Dear Ibu Alandari,
Terima kasih utk reviewnya dan iya memang kami tdk menuediakan AC di lamar krn bedugul cukup dingin jd kami selalu sarankan jikasiangan utk buka jendela agar angin sejuk pegunungan bisa masuk. Ke dpn kami akan sediakan kipas kecil utk mengisir hawa panas. Untuk sikat gigi, memang di hotel level kami tdk ada sikat gigi, pelembab fll. Tapi kami ttp sedialan sabun mando, shampoo, dan conditioner 3 in 1vserta sabun tangan. Semoga informasi ini cukup menjelaskan. Terima kasih
ManagementCSS",2026-05-11T08:49:55.937939+00:00,2026-05-11T08:49:55.937939+00:00,0
ChZDSUhNMG9nS0VJQ0FnSUN2di0yWUx3EAE,Dina (ARIES85),0.0,2025-05-11T08:49:54+00:00,"setahun lalu di
Google",0,https://www.google.com/maps/contrib/109340719830074864883/reviews?hl=id,https://lh3.googleusercontent.com/a-/ALV-UjVnjAWU-QIwaKp1tczNKf7rlI61K4qEcZVjg_XHiHiUaGfP8nI5=w36-h36-p-rp-mo-ba3-br100,https://lh3.googleusercontent.com/grass-cs/ANxoTn1EGsLQ73yrcxKa1aw_HqeFW9St7Khm_Na1ggcylMuEhccOTyET5y33KGS4rs2u9v3x80ZSLMzmlz9oVGzxgM1Msd1lF5rxNzvZmIc-1nGzWCC9fW-h1Em2pmcOrT7kDILLnCWKvA=w300-h450-p-k-no;https://lh3.googleusercontent.com/grass-cs/ANxoTn3AGN9dtxdRHyhGLN7nLZNUeG6Q2HxdIP_-AHplpgt--MASW12N6OtynAc2cVreaS-eczKweQG5uJ3sWAkX9u16TOiGfblz3qdUK7qN3MMEsC5oRm9SKwCZE5UbqV46tGiDnMM=w300-h450-p-k-no,"Tempatnya enak, minuman hangat lengkap, kasur nyaman, air hangat lancar, staf juga ramah, cuma sblm pulang saya baru ngeuh ada jamur kecil di kamar mandi kamar orange. Tangganya juga semoga cepat diperbaiki krn agak ngeri beberapa sudah goyang",,"Dear Ibu Dina, 
Greetings from Container Smart Stay. 
Terima kasih utk reviewnya dan senang mendengar anda menikmati tinggal di htl kami. Kami mhn maaf dgn kekurang nyamanan krn jamur kecil, akan segera kami tangani dan terima kasih infonya. Juga kami akan segera check kondisi tangganya utk safety reason. 

Kami mengharapakan kedatangan anda kembali 

Regards
CsS management",2026-05-11T08:49:54.288232+00:00,2026-05-11T08:49:54.288232+00:00,0
ChZDSUhNMG9nS0VJQ0FnSUQxemR1bWZBEAE,Irsyad Akmal Fata,0.0,2024-05-11T08:49:53+00:00,"2 tahun lalu di
Google",0,https://www.google.com/maps/contrib/116807361444953381262/reviews?hl=id,https://lh3.googleusercontent.com/a-/ALV-UjX-zA76XxlgNgWodgQruB5IpNDpE67rT-TRr3I_21CXXWYmdqo5kQ=w36-h36-p-rp-mo-ba2-br100,,"Untuk kamar overall bagus, terawat dan juga bersih, pelayanan dari staff juga sangat ramah, lokasi nya aja sih yang agak kedalam, jadi pas malam ketibaan kami dihotel agak gelap dan rada ngeri 😭🙏🏻. Overall nice place to stay, udara khas bedugul sejuk dan nyaman banget.",,"Dear Bapak Akma,
Terima kasih utk review nya. Kami sangat senang bahwa bapak punya pengalaman yg menyenangkan. Utk lokasi dijamin aman kok Pak, he he he krn meskipun tdk kelihatan tapi sekeliling adalah rumah penduduk setempat. Kami menunggi kedatangan bapak sekeluarga kembali ya Pak. Sekali lagi terima kasih.regardd
Managemen CSS",2026-05-11T08:49:53.656350+00:00,2026-05-11T08:49:53.656350+00:00,0
ChdDSUhNMG9nS0VJQ0FnTUR3c2Q3SndBRRAB,Olyvia Wijaya,0.0,2025-05-11T08:49:52+00:00,"setahun lalu di
Google",0,https://www.google.com/maps/contrib/107872340228468905728/reviews?hl=id,https://lh3.googleusercontent.com/a-/ALV-UjVOab1cx1BZAbURM_-xUZnSrEjr5GPqUMb7qGonF3PjLEgSNqr4=w36-h36-p-rp-mo-ba4-br100,,"tempat nya unik terbuat dari container, ga berisik, staff nya ramah banget dan baik, disediakan berbagai minuman sachet kopi , teh dan susu milo dll ada dispenser air hangat juga ., toilet nya juga bersih ada shower room nya jg dan private , di dekat resepsionis ny ada ruangan terbuka bisa buat bbq an atau menyalakan api unggun, cuaca nya dingin banget",,"Dear Miss Olivia,
Thank you for your review and glad to know that you enjoy your holiday. Apologies for the lare response. But, we are always looking forward to welcome you again
Regards
CsS management",2026-05-11T08:49:53.007086+00:00,2026-05-11T08:49:53.007086+00:00,0
ChZDSUhNMG9nS0VJQ0FnSUNIeHBuR1l3EAE,Sri Yulianthi,0.0,2025-05-11T08:49:51+00:00,"setahun lalu di
Google",0,https://www.google.com/maps/contrib/113467748907022665352/reviews?hl=id,https://lh3.googleusercontent.com/a-/ALV-UjWKbZJJBjkQ2wiY4I8yWrF3AQFKIhhTG8_n3G45u5KBwHaA9Bdi=w36-h36-p-rp-mo-br100,https://lh3.googleusercontent.com/grass-cs/ANxoTn0EcZ8gPFUIwlDl3w78pP1S-wy0MogN0DwWM-KGXe6cutOmlMyUYENy_ZsFu_1_Yg5oWOl1CKOEFb6vM-FaZACLSVQIQkpieHKXTCqq1Bt395euMHENqwf3o87wrB0x0FxbaAi3XA=w300-h450-p-k-no;https://lh3.googleusercontent.com/grass-cs/ANxoTn0nQ2w92ZkPDvtyiDSxZn6Y8SjWB4H6QFVXryMdrD-817w3jGLZw2UJGj7u-mnp72JhAMuST57yJKlS_IWNF07l3k77NLJ6ZZ7lepyjfU084WObMf9L2ecJ8abtXKGZcLTEEBRo=w300-h225-p-k-no;https://lh3.googleusercontent.com/grass-cs/ANxoTn3_0RTn7pY06y8iqDu2_DOZTyf4tNJ2lBwXZJmVNWOWRFZGeWq3USVbkCkESykrSDOFDexYRHZk4-dQTbq9ABPwdHExvAQpA_TFO1KKBahC2CW5ltoONoLAuF7rpRb7hYydb9Wf0Q=w300-h225-p-k-no,"Lokasinya dekat dengan danau buyan, pemandangannya indah terutama pagi hari, staff penjaganya ramah, kamar bersih, kalau malam hari tenang, tidak ada keramaian (waktu saya menginap) jadi bisa full istirahat atau me time sepuasnya sambil menikmati pemandangan via jendela kamar.",,"Dear Mbak Yulianthini,
Terima kasih untuk reviewnya dan kami senang mebdengat bahwa mbak menikmati liburannya. Lain kali jika ingin BBQ atau api unggun kami biaa membantu melayani free, hanya perlu bawa bahan makanannya saja. Info kami sebelumnya supaya kami bisa siapkan. 
Sekali lagi, twrima kasih untuk review nya dan kami menunggu kedatangan anda kemvali  
Regards
Management CsS",2026-05-11T08:49:52.303822+00:00,2026-05-11T08:49:52.303822+00:00,0
ChZDSUhNMG9nS0VJQ0FnSUNIN0tqY1BREAE,Meldi,0.0,2025-05-11T08:49:51+00:00,"setahun lalu di
Google",0,https://www.google.com/maps/contrib/114291563038563013063/reviews?hl=id,https://lh3.googleusercontent.com/a/ACg8ocJeOcURAPCR5RJcMImI6uy9ZxmN83GC9BHA_roEA0UZaeA6cyE=w36-h36-p-rp-mo-ba4-br100,https://lh3.googleusercontent.com/grass-cs/ANxoTn33IGctw6pHIGGxo0iFEgUopvT2zwoIFRY9VAOzkktrMSeBN6e3pNTXpNdxJJom5KPGtJc0Iq-8gFuvX_76NKtGdNHpHDTLNakk4grLDm0llLJPu-beajPTy99ZbLJ1YjC3wAW5=w300-h450-p-k-no;https://lh3.googleusercontent.com/grass-cs/ANxoTn2F6jaRS1ZMsWNUWVwcs7Z8o_C43SrVLpsoPbkX_r12kagXs-HvKt2dnoQdx2cUEghxfxgzRf7WnS-VKZYFlsXhHLIDyrpKqxQtinKkJOSZcqF8t7G0TKkycDRJlaT4X8etrCHJ=w300-h450-p-k-no,"Rekomendasi stay di kamar yg atas...
View nya bagus, berembun saking dinginnya pagi². Ngga ada AC di kamar but its okay soalnya malamnya dingin, banget. Tapi tenang, ada air panas jd masih bisa mandi dgn aman 😂",,"Dear Mbak Laksmi Dewi,
Terima kas8h atas reviewnya kami senang pengalaman anda tinggal di CsS memuaskan. Silakan kontak kami kembali jika berada di area bedugul dan kami menantikan kedatangan anda kembali
Regards
CsD management",2026-05-11T08:49:51.579270+00:00,2026-05-11T08:49:51.579270+00:00,0
ChdDSUhNMG9nS0VJQ0FnSURuZ0o3RzBBRRAB,katana wiguna,0.0,2025-05-11T08:49:50+00:00,"setahun lalu di
Google",0,https://www.google.com/maps/contrib/105838327906993007190/reviews?hl=id,https://lh3.googleusercontent.com/a-/ALV-UjUvdRTZPt0ptdw_xaPeI2iObWVIPoPF4QPkSPfoUbZZpaIB0gO6=w36-h36-p-rp-mo-ba4-br100,https://lh3.googleusercontent.com/grass-cs/ANxoTn33KHwTeNnNk_annBaobbEIWcXRICfBIBmYcLXS785f5Kp8u3z0_I1jybGyaGOLUPxt-QCrEIZchhT8Po-4eYX0bXqoCbxT-K54BbIn7ymAFOuFR_dmkr19LTpFBt3BJd1Jgbk=w600-h450-p-k-no,"Pertama sampai disambut bli Kadek dengan ramah.

Kamar bersih dan simple.

Lokasi cocok untuk jalan2 karena cuma 6menit ke danau buyan itu jalan kaki pagi2.

Harga cukup terjangkau. Overall kita rekomendasikan untuk couple.",,"Dear Katana,
Thank you for your review and we are glad that you have a nice experience. We are looking forward to welcome you back in the future. 
Regards
CsS Management",2026-05-11T08:49:50.917682+00:00,2026-05-11T08:49:50.917682+00:00,0
ChZDSUhNMG9nS0VJQ0FnTUNBa0pmWE1REAE,bagus virganda,0.0,2025-05-11T08:49:49+00:00,"setahun lalu di
Google",0,https://www.google.com/maps/contrib/107457148557672206409/reviews?hl=id,https://lh3.googleusercontent.com/a/ACg8ocIyJy7Qt6CufR-rZrgwJS21gosL_UJLSilO18BXU7Xm0vFyTQ=w36-h36-p-rp-mo-br100,https://lh3.googleusercontent.com/grass-cs/ANxoTn3FEPxPeAN5TJYrZGQoKoddooEQ8GrOS06O7U4vmX0DfYdu3Wgl0K3KdpWuQCU1K1_AovwpTkIp-P8ycKOUnntjXwnqBDEnngVu5hViUzAg9J-YKHSTz5Q8X3aXLFqjnP2eP-Hdqw=w600-h450-p-k-no,"Tempatnya bagus, bersih dan nyaman. Ada air panas jd ngga pusing kl mau mandi, anak2 jd gampang mandinya. Pelayanan karyawannya juga ramah. Ada kopi dan teh gratis d lobi depan. Akses bisa dilalui mobil dengan mudah walaupun jalan agak rusak.

yg perlu di perbaiki mungkin kursi meja depan kamar ya. Krn bawahnya rumput jg hujan2 tidak berfungsi krn becek/basah. Mngkn bisa disiasati dengan disemen sedikit sehingga bisa difungsikan saat hujan",,"Dear Pak Virganda,
Terima kasih utk reviewnya, senang mendengar liburan anda menyenangkan. Dan utk sarannya akan kami pertimbangkan meskipun konsep konkrit beton kami agak hindari krn lbh mau mebyatu ke alam. Akan tetapi terima kasih inputnya . Kami tunggu kedatangan anda kembali di.musim panas utk mencoba duduk di kursi depan meja ya Pak. 
Regards
CsS management",2026-05-11T08:49:50.164352+00:00,2026-05-11T08:49:50.164352+00:00,0
ChdDSUhNMG9nS0VOWHFvdXlWM3RLY3ZBRRAB,Ela Yustiana,0.0,2025-06-15T08:49:49+00:00,"11 bulan lalu di
Google",0,https://www.google.com/maps/contrib/108865450933565996632/reviews?hl=id,https://lh3.googleusercontent.com/a-/ALV-UjULfBvtqFi7SjfnaXoY77a7nZwzVmRbxEGBIA7FGisUSewIyMbc=w36-h36-p-rp-mo-br100,,"Semuanya cukup bagus tidak ada yang mengecewakan.
kamarnya bersih, makanannya juga enak.
pemandangannya pegunungan dan kebun.
semua fasilitas bekerja dengan baik, saya membawa anak kecil umur 2 th dan semuanya aman. terimakasih atas pelayanan yang baik pula.",,"Dear Ela, 
Terima kasih utk reviww nya dan senang mendengar bahwa ansa menikmati tinggal bersama CsS. La8n kal8 jika mau book direct, info ya kl returning guest, ada harga khusus utk mrk yg sudah pernah tinggal. 
Regards
CsS management",2026-05-11T08:49:49.617644+00:00,2026-05-11T08:49:49.617644+00:00,0
Ci9DQUlRQUNvZENodHljRjlvT210RWMxZENZMGh6YW1SMGRUaFhkelUzUldOM1kyYxAB,Joy Joy,0.0,2025-12-12T08:49:48+00:00,"5 bulan lalu di
Google",0,https://www.google.com/maps/contrib/104854456476501286371/reviews?hl=id,https://lh3.googleusercontent.com/a/ACg8ocL8dY4dljddrjJMdb0HxFVNOahzveIME4qwpieJOOoKaP1f4Q=w36-h36-p-rp-mo-br100,https://lh3.googleusercontent.com/grass-cs/ANxoTn0mKKRHfTMbBdf-5N1_jDMBsCX2qbAqM77Woz-4-t-BRancSwCbuHu37rCfgmFW4OkPj1dBsFRiLl4BBBS-H_4JS0DcvpE7NjPFpofXYG3PGosq_2RA2z216PLxX18Sk0niwVgb_KdA35w=w300-h450-p-k-no;https://lh3.googleusercontent.com/grass-cs/ANxoTn3mMEa7S6AqXcIAqxKGk29qg0rFCP8kLVFdkYT1KpRWSBduZOUgnQhGGDLGVOvACMmsL77EvdAsjx0cuwCIHwdpjNlX2aIRRKUn0l3MmWdkX9oUcqbika20O8jftNkTuVJgAhOKgyOKZei-=w300-h225-p-k-no;https://lh3.googleusercontent.com/grass-cs/ANxoTn0lqUIKKxajdn3Q8Dyp34EnDQ_nW_6itWl-qM39IIMCQGNZ7hiCP1AIuYfpDfKicLtPDivXGs892tubC3O7lJHgmEZFBm9vToV6DxV7BG_qkGTfC77vcIxX4myry_IYrUtagOX3-4ShPazz=w300-h225-p-k-no,"Hotel dgn kesan estetik skli, begitu pertama kali tiba disini setiap kamarnya sangat calourfull
Dgn konsep industrial,cantik bgt ditambah perpaduan view danau Bayan langsung bisa dinikmati dr jendela kmr, udara yg sejuk bgt cenderung dingin, suasana yg tenang bikin staycation dihotel ini jd pengalaman yg seru bgt👍👍👍 #best experience",,,2026-05-11T08:49:49.050278+00:00,2026-05-11T08:49:49.050278+00:00,0
Ci9DQUlRQUNvZENodHljRjlvT2pSNVIxZzVhMlZ3ZDJaaFJ6QjBjMnhRZDA5WlNHYxAB,Jesica Tyas,0.0,2025-12-12T08:49:48+00:00,"5 bulan lalu di
Google",0,https://www.google.com/maps/contrib/106730600651005229830/reviews?hl=id,https://lh3.googleusercontent.com/a/ACg8ocJa4fQtJOIq46U71ywAO_8Cf2j7resGat-DdjfOt5f-6z5Rhg=w36-h36-p-rp-mo-ba2-br100,,"Tempat tidurnya sih nyaman & cukup besar, sayang langit2nya & dinding agak kotor kayak noda rembesan air hujan. Lantai area kamar mandi juga cat nya byk ngelupas jd keliatan kotor. Mungkin perlu maintenance lagi. Untuk minuman hangat free. Air panas kurang cukup entah krn rebutan atau bgmn ya. Jadi kayak gak sesuai sama harganya",,"Dear Ibu Jessica,
Terima kasih atas reviewnya. 
Pertama mhn maaf utk air panasnya, semalam ada laporan bahwa heater mati 1 ada trouble dan sedang kita tinggu maintenance staff melumcur siang nanti. 
Sementara utk kamar  boleh kami tahu ibu berada di kmr mana sehingga bisa segera kami maintain sambil.menunggu cuaca agak panas sedikit karena jika kondisi hujan agak susah juga menunggu cat benar nenar bisa kering krn kondisi kami bukan dr dinding biasa. 
Utk informasinya, sangat kami hargai dan kami tunggu 
Regards
CsS management",2026-05-11T08:49:48.440408+00:00,2026-05-11T08:49:48.440408+00:00,0
